<?xml version="1.0" encoding="UTF-8"?>
<metadata xml:lang="es"><Esri><CreaDate>20190125</CreaDate><CreaTime>19163900</CreaTime><ArcGISFormat>1.0</ArcGISFormat><SyncOnce>TRUE</SyncOnce><DataProperties><lineage><Process ToolSource="c:\program files (x86)\arcgis\desktop10.3\ArcToolbox\Toolboxes\Data Management Tools.tbx\CalculateField" Date="20181022" Time="121505">CalculateField Areas_de_Restricción_y_Zonas_de_Prohibición_Septiembre_2018 Tipo_Limit "Zona de Prohibición" VB #</Process><Process ToolSource="c:\program files (x86)\arcgis\desktop10.3\ArcToolbox\Toolboxes\Data Management Tools.tbx\CalculateField" Date="20181022" Time="122225">CalculateField Areas_de_Restricción_y_Zonas_de_Prohibición_Septiembre_2018 Vol_Prov_m 0 VB #</Process><Process ToolSource="c:\program files (x86)\arcgis\desktop10.3\ArcToolbox\Toolboxes\Data Management Tools.tbx\CalculateField" Date="20181022" Time="122326">CalculateField Areas_de_Restricción_y_Zonas_de_Prohibición_Septiembre_2018 Provisiona "NO" VB #</Process><Process ToolSource="c:\program files (x86)\arcgis\desktop10.3\ArcToolbox\Toolboxes\Data Management Tools.tbx\CalculateField" Date="20190125" Time="131451">CalculateField Areas_de_Restriccion_y_Zonas_de_Prohibicion_Noviembre_2018_v2 Region "Tarapacá" VB #</Process><Process ToolSource="c:\program files (x86)\arcgis\desktop10.3\ArcToolbox\Toolboxes\Data Management Tools.tbx\CalculateField" Date="20190125" Time="131510">CalculateField Areas_de_Restriccion_y_Zonas_de_Prohibicion_Noviembre_2018_v2 Region "Antofagasta" VB #</Process><Process ToolSource="c:\program files (x86)\arcgis\desktop10.3\ArcToolbox\Toolboxes\Data Management Tools.tbx\CalculateField" Date="20190125" Time="131607">CalculateField Areas_de_Restriccion_y_Zonas_de_Prohibicion_Noviembre_2018_v2 Region "Atacama" VB #</Process><Process ToolSource="c:\program files (x86)\arcgis\desktop10.3\ArcToolbox\Toolboxes\Data Management Tools.tbx\CalculateField" Date="20190125" Time="131635">CalculateField Areas_de_Restriccion_y_Zonas_de_Prohibicion_Noviembre_2018_v2 Region "Coquimbo" VB #</Process><Process ToolSource="c:\program files (x86)\arcgis\desktop10.3\ArcToolbox\Toolboxes\Data Management Tools.tbx\CalculateField" Date="20190125" Time="131726">CalculateField Areas_de_Restriccion_y_Zonas_de_Prohibicion_Noviembre_2018_v2 Region "Metropolitana de Santiago" VB #</Process><Process ToolSource="c:\program files (x86)\arcgis\desktop10.3\ArcToolbox\Toolboxes\Data Management Tools.tbx\CalculateField" Date="20190125" Time="131757">CalculateField Areas_de_Restriccion_y_Zonas_de_Prohibicion_Noviembre_2018_v2 Region "Valparaíso" VB #</Process><Process ToolSource="c:\program files (x86)\arcgis\desktop10.3\ArcToolbox\Toolboxes\Data Management Tools.tbx\CalculateField" Date="20190125" Time="131832">CalculateField Areas_de_Restriccion_y_Zonas_de_Prohibicion_Noviembre_2018_v2 Region ""Libertador General Bernardo O'Higgins"" VB #</Process><Process ToolSource="c:\program files (x86)\arcgis\desktop10.3\ArcToolbox\Toolboxes\Data Management Tools.tbx\CalculateField" Date="20190125" Time="131848">CalculateField Areas_de_Restriccion_y_Zonas_de_Prohibicion_Noviembre_2018_v2 Region "Maule" VB #</Process><Process ToolSource="c:\program files (x86)\arcgis\desktop10.3\ArcToolbox\Toolboxes\Data Management Tools.tbx\CalculateField" Date="20190125" Time="131920">CalculateField Areas_de_Restriccion_y_Zonas_de_Prohibicion_Noviembre_2018_v2 Region "Arica y Parinacota" VB #</Process></lineage><itemProps><itemLocation><linkage Sync="TRUE">file://\\DGA-NCGTAPIA\D$\MAPOTECAS\DGA.gdb</linkage><protocol Sync="TRUE">Local Area Network</protocol></itemLocation></itemProps></DataProperties></Esri></metadata>
