<?xml version="1.0" encoding="UTF-8"?>
<metadata xml:lang="es"><Esri><CreaDate>20200410</CreaDate><CreaTime>16543200</CreaTime><SyncOnce>FALSE</SyncOnce><SyncDate>20140710</SyncDate><SyncTime>16101000</SyncTime><ModDate>20140710</ModDate><ModTime>16101000</ModTime><DataProperties><lineage><Process Name="DefineProjection_2" ToolSource="C:\Archivos de programa\ArcGIS\ArcToolbox\Toolboxes\Data Management Tools.tbx\DefineProjection" Date="20090202" Time="131310">DefineProjection D:\MAPOTECA_DGA\02_DGA\01_Cuencas\subcuencas.shp PROJCS['WGS_1984_UTM_Zone_19S',GEOGCS['GCS_WGS_1984',DATUM['D_WGS_1984',SPHEROID['WGS_1984',6378137.0,298.257223563]],PRIMEM['Greenwich',0.0],UNIT['Degree',0.0174532925199433]],PROJECTION['Transverse_Mercator'],PARAMETER['False_Easting',500000.0],PARAMETER['False_Northing',10000000.0],PARAMETER['Central_Meridian',-69.0],PARAMETER['Scale_Factor',0.9996],PARAMETER['Latitude_Of_Origin',0.0],UNIT['Meter',1.0]] D:\MAPOTECA_DGA\02_DGA\01_Cuencas\subcuencas.shp</Process><Process ToolSource="C:\Archivos de programa\ArcGIS\ArcToolbox\Toolboxes\Data Management Tools.tbx\CopyFeatures" Date="20090317" Time="103812">CopyFeatures "D:\Mapoteca_DGA_wgs84\NUEVA GEODATABASE\Guillermo\02_DGA\01_Cuencas\subcuencas.shp" "D:\Mapoteca_DGA_wgs84\NUEVA GEODATABASE\DGA.gdb\Cuencas\subcuencas" # 0 0 0</Process><Process ToolSource="C:\Program Files (x86)\ArcGIS\Desktop10.0\ArcToolbox\Toolboxes\Data Management Tools.tbx\CopyFeatures" Date="20120612" Time="134644">CopyFeatures subcuencas D:\SIT_MOP\GEODATABASE\DGA.gdb\subcuencas # 0 0 0</Process><Process ToolSource="C:\Program Files (x86)\ArcGIS\Desktop10.0\ArcToolbox\Toolboxes\Analysis Tools.tbx\Union" Date="20140403" Time="121430">Union "Cuencas_Decretadas #;Provincias_Decretadas #;Comunas_Decretadas #" E:\Documentos\Documentos\ArcGIS\Default.gdb\Cuencas_Decretadas_Union ALL # GAPS</Process><Process ToolSource="C:\Program Files (x86)\ArcGIS\Desktop10.0\ArcToolbox\Toolboxes\Data Management Tools.tbx\CalculateField" Date="20140403" Time="121706">CalculateField Cuencas_Decretadas_Union CINE_PROV [CINE_PROV_1] VB #</Process><Process ToolSource="C:\Program Files (x86)\ArcGIS\Desktop10.0\ArcToolbox\Toolboxes\Data Management Tools.tbx\CalculateField" Date="20140403" Time="122633">CalculateField Cuencas_Decretadas_Union Nom_Cuen "Río Laja" VB #</Process><Process ToolSource="C:\Program Files (x86)\ArcGIS\Desktop10.0\ArcToolbox\Toolboxes\Data Management Tools.tbx\CalculateField" Date="20140403" Time="122903">CalculateField Territorios_Decretados Nom_Cuen "Río Laja" VB #</Process><Process ToolSource="C:\Program Files (x86)\ArcGIS\Desktop10.0\ArcToolbox\Toolboxes\Data Management Tools.tbx\CalculateField" Date="20140403" Time="122942">CalculateField Territorios_Decretados Territorio "Cuenca" VB #</Process><Process ToolSource="C:\Program Files (x86)\ArcGIS\Desktop10.0\ArcToolbox\Toolboxes\Data Management Tools.tbx\CalculateField" Date="20140403" Time="123000">CalculateField Territorios_Decretados Territorio "Comuna" VB #</Process><Process ToolSource="C:\Program Files (x86)\ArcGIS\Desktop10.0\ArcToolbox\Toolboxes\Data Management Tools.tbx\CalculateField" Date="20140403" Time="123031">CalculateField Territorios_Decretados Territorio "Provincia" VB #</Process><Process ToolSource="C:\Program Files (x86)\ArcGIS\Desktop10.0\ArcToolbox\Toolboxes\Data Management Tools.tbx\CalculateField" Date="20140403" Time="123142">CalculateField Territorios_Decretados Nom_territ [Nom_Cuen] VB #</Process><Process ToolSource="C:\Program Files (x86)\ArcGIS\Desktop10.0\ArcToolbox\Toolboxes\Data Management Tools.tbx\CalculateField" Date="20140403" Time="123210">CalculateField Territorios_Decretados Nom_territ [NOM_COM] VB #</Process><Process ToolSource="C:\Program Files (x86)\ArcGIS\Desktop10.0\ArcToolbox\Toolboxes\Data Management Tools.tbx\CalculateField" Date="20140403" Time="123227">CalculateField Territorios_Decretados Nom_territ [NOM_PROV] VB #</Process><Process ToolSource="C:\Program Files (x86)\ArcGIS\Desktop10.0\ArcToolbox\Toolboxes\Data Management Tools.tbx\CalculateField" Date="20140403" Time="123249">CalculateField Territorios_Decretados Nom_territ LCase( [Nom_territ] ) VB #</Process><Process ToolSource="C:\Program Files (x86)\ArcGIS\Desktop10.0\ArcToolbox\Toolboxes\Data Management Tools.tbx\CalculateField" Date="20140403" Time="123306">CalculateField Territorios_Decretados Nom_territ LCase( [Nom_territ] ) VB #</Process><Process ToolSource="C:\Program Files (x86)\ArcGIS\Desktop10.0\ArcToolbox\Toolboxes\Data Management Tools.tbx\CalculateField" Date="20140403" Time="123447">CalculateField Territorios_Decretados Nom_territ "santo domingo" VB #</Process><Process ToolSource="C:\Program Files (x86)\ArcGIS\Desktop10.0\ArcToolbox\Toolboxes\Data Management Tools.tbx\CalculateField" Date="20140403" Time="124443">CalculateField Territorios_Decretados Decreto_N 288 VB #</Process><Process ToolSource="C:\Program Files (x86)\ArcGIS\Desktop10.0\ArcToolbox\Toolboxes\Data Management Tools.tbx\CalculateField" Date="20140403" Time="124456">CalculateField Territorios_Decretados F_decreto 11-10-2013 VB #</Process><Process ToolSource="C:\Program Files (x86)\ArcGIS\Desktop10.0\ArcToolbox\Toolboxes\Data Management Tools.tbx\CalculateField" Date="20140403" Time="124540">CalculateField Territorios_Decretados F_decreto 2013-10-11 VB #</Process><Process ToolSource="C:\Program Files (x86)\ArcGIS\Desktop10.0\ArcToolbox\Toolboxes\Data Management Tools.tbx\CalculateField" Date="20140403" Time="124557">CalculateField Territorios_Decretados F_decreto 2013-11-10 VB #</Process><Process ToolSource="C:\Program Files (x86)\ArcGIS\Desktop10.0\ArcToolbox\Toolboxes\Data Management Tools.tbx\CalculateField" Date="20140403" Time="124645">CalculateField Territorios_Decretados F_decreto 11/10/2013 VB #</Process><Process ToolSource="C:\Program Files (x86)\ArcGIS\Desktop10.0\ArcToolbox\Toolboxes\Data Management Tools.tbx\CalculateField" Date="20140403" Time="124702">CalculateField Territorios_Decretados F_decreto 2013-10-11 VB #</Process><Process ToolSource="C:\Program Files (x86)\ArcGIS\Desktop10.0\ArcToolbox\Toolboxes\Data Management Tools.tbx\CalculateField" Date="20140403" Time="124736">CalculateField Territorios_Decretados F_decreto 2013/10/11 VB #</Process><Process ToolSource="C:\Program Files (x86)\ArcGIS\Desktop10.0\ArcToolbox\Toolboxes\Data Management Tools.tbx\CalculateField" Date="20140403" Time="124751">CalculateField Territorios_Decretados F_decreto "11-10-2013" VB #</Process><Process ToolSource="C:\Program Files (x86)\ArcGIS\Desktop10.0\ArcToolbox\Toolboxes\Data Management Tools.tbx\CalculateField" Date="20140403" Time="124817">CalculateField Territorios_Decretados F_caducida "11-04-2014" VB #</Process><Process ToolSource="C:\Program Files (x86)\ArcGIS\Desktop10.0\ArcToolbox\Toolboxes\Data Management Tools.tbx\CalculateField" Date="20140403" Time="124926">CalculateField Territorios_Decretados Decreto_N 290 VB #</Process><Process ToolSource="C:\Program Files (x86)\ArcGIS\Desktop10.0\ArcToolbox\Toolboxes\Data Management Tools.tbx\CalculateField" Date="20140403" Time="124951">CalculateField Territorios_Decretados F_decreto "11-10-2013" VB #</Process><Process ToolSource="C:\Program Files (x86)\ArcGIS\Desktop10.0\ArcToolbox\Toolboxes\Data Management Tools.tbx\CalculateField" Date="20140403" Time="125012">CalculateField Territorios_Decretados F_caducida "11-04-2014" VB #</Process><Process ToolSource="C:\Program Files (x86)\ArcGIS\Desktop10.0\ArcToolbox\Toolboxes\Data Management Tools.tbx\CalculateField" Date="20140403" Time="125232">CalculateField Territorios_Decretados Decreto_N 139 VB #</Process><Process ToolSource="C:\Program Files (x86)\ArcGIS\Desktop10.0\ArcToolbox\Toolboxes\Data Management Tools.tbx\CalculateField" Date="20140403" Time="125250">CalculateField Territorios_Decretados F_decreto "06-02-2014" VB #</Process><Process ToolSource="C:\Program Files (x86)\ArcGIS\Desktop10.0\ArcToolbox\Toolboxes\Data Management Tools.tbx\CalculateField" Date="20140403" Time="125310">CalculateField Territorios_Decretados F_caducida "06-08-2014" VB #</Process><Process ToolSource="C:\Program Files (x86)\ArcGIS\Desktop10.0\ArcToolbox\Toolboxes\Data Management Tools.tbx\CalculateField" Date="20140403" Time="125648">CalculateField Territorios_Decretados Decreto_N 147 VB #</Process><Process ToolSource="C:\Program Files (x86)\ArcGIS\Desktop10.0\ArcToolbox\Toolboxes\Data Management Tools.tbx\CalculateField" Date="20140403" Time="125744">CalculateField Territorios_Decretados F_decreto "13-02-2014" VB #</Process><Process ToolSource="C:\Program Files (x86)\ArcGIS\Desktop10.0\ArcToolbox\Toolboxes\Data Management Tools.tbx\CalculateField" Date="20140403" Time="125833">CalculateField Territorios_Decretados F_caducida "13-08-2014" VB #</Process><Process ToolSource="C:\Program Files (x86)\ArcGIS\Desktop10.0\ArcToolbox\Toolboxes\Data Management Tools.tbx\CalculateField" Date="20140403" Time="130137">CalculateField Territorios_Decretados Decreto_N 155 VB #</Process><Process ToolSource="C:\Program Files (x86)\ArcGIS\Desktop10.0\ArcToolbox\Toolboxes\Data Management Tools.tbx\CalculateField" Date="20140403" Time="130203">CalculateField Territorios_Decretados F_decreto "27-02-2014" VB #</Process><Process ToolSource="C:\Program Files (x86)\ArcGIS\Desktop10.0\ArcToolbox\Toolboxes\Data Management Tools.tbx\CalculateField" Date="20140403" Time="130219">CalculateField Territorios_Decretados F_caducida "27-08-2014" VB #</Process><Process ToolSource="C:\Program Files (x86)\ArcGIS\Desktop10.0\ArcToolbox\Toolboxes\Data Management Tools.tbx\CalculateField" Date="20140423" Time="152501">CalculateField Territorios_Decretados_Abril_2014 Decreto_N 252 VB #</Process><Process ToolSource="C:\Program Files (x86)\ArcGIS\Desktop10.0\ArcToolbox\Toolboxes\Data Management Tools.tbx\CalculateField" Date="20140424" Time="161848">CalculateField Territorios_Decretados_Abril_2014 F_decreto 25-04-2014 VB #</Process><Process ToolSource="C:\Program Files (x86)\ArcGIS\Desktop10.0\ArcToolbox\Toolboxes\Data Management Tools.tbx\CalculateField" Date="20140510" Time="162257">CalculateField Base_Sequia Decreto_N 125 VB #</Process><Process ToolSource="c:\program files (x86)\arcgis\desktop10.1\ArcToolbox\Toolboxes\Data Management Tools.tbx\CalculateField" Date="20140510" Time="193124">CalculateField Base_Sequia Decreto_N 167 VB #</Process><Process ToolSource="c:\program files (x86)\arcgis\desktop10.1\ArcToolbox\Toolboxes\Data Management Tools.tbx\CalculateField" Date="20140510" Time="194345">CalculateField Base_Sequia Decreto_N 153 VB #</Process><Process ToolSource="c:\program files (x86)\arcgis\desktop10.1\ArcToolbox\Toolboxes\Data Management Tools.tbx\CalculateField" Date="20140510" Time="200102">CalculateField Base_Sequia Añodecreto "2008" VB #</Process><Process ToolSource="c:\program files (x86)\arcgis\desktop10.1\ArcToolbox\Toolboxes\Data Management Tools.tbx\CalculateField" Date="20140510" Time="203750">CalculateField Base_sequia_Historica OBJECTID_1 [FID] VB #</Process><Process ToolSource="c:\program files (x86)\arcgis\desktop10.1\ArcToolbox\Toolboxes\Data Management Tools.tbx\CalculateField" Date="20140510" Time="203806">CalculateField Base_sequia_Historica OBJECTID_1 [FID] VB #</Process><Process ToolSource="c:\program files (x86)\arcgis\desktop10.1\ArcToolbox\Toolboxes\Data Management Tools.tbx\CalculateField" Date="20140510" Time="210321">CalculateField Decretos_escasez_historicos Añodecreto "2010" VB #</Process><Process ToolSource="c:\program files (x86)\arcgis\desktop10.1\ArcToolbox\Toolboxes\Data Management Tools.tbx\CalculateField" Date="20140511" Time="180826">CalculateField Decretos_escasez_historicos Añodecreto "2012" VB #</Process><Process ToolSource="c:\program files (x86)\arcgis\desktop10.1\ArcToolbox\Toolboxes\Data Management Tools.tbx\CalculateField" Date="20140511" Time="183910">CalculateField Decretos_escasez_historicos Añodecreto "2013" VB #</Process><Process ToolSource="C:\Program Files (x86)\ArcGIS\Desktop10.0\ArcToolbox\Toolboxes\Data Management Tools.tbx\CalculateField" Date="20140512" Time="124111">CalculateField Decretos_escasez_historicos Añodecreto "2014" VB #</Process><Process ToolSource="C:\Program Files (x86)\ArcGIS\Desktop10.0\ArcToolbox\Toolboxes\Data Management Tools.tbx\CalculateField" Date="20140512" Time="124704">CalculateField Decretos_escasez_historicos FT_Decre [F_decreto] VB #</Process><Process ToolSource="C:\Program Files (x86)\ArcGIS\Desktop10.0\ArcToolbox\Toolboxes\Data Management Tools.tbx\CalculateField" Date="20140512" Time="124719">CalculateField Decretos_escasez_historicos FT_Caducid [F_caducida] VB #</Process><Process ToolSource="C:\Program Files (x86)\ArcGIS\Desktop10.0\ArcToolbox\Toolboxes\Data Management Tools.tbx\Merge" Date="20140512" Time="133455">Merge Correccion_1;Correccion_2 D:\DGA\NIVEL_CENTRAL\FISCALIZACION\Historico_Sequia_2008_2014\Decretos_escasez_historicos.shp "OBJECTID_1 "OBJECTID_1" true true false 9 Long 0 9 ,First,#,Correccion_1,OBJECTID_1,-1,-1,Correccion_2,OBJECTID_1,-1,-1;CINE_PROV "CINE_PROV" true true false 10 Text 0 0 ,First,#,Correccion_1,CINE_PROV,-1,-1,Correccion_2,CINE_PROV,-1,-1;COD_COM "COD_COM" true true false 19 Double 0 0 ,First,#,Correccion_1,COD_COM,-1,-1,Correccion_2,COD_COM,-1,-1;CINE_COM "CINE_COM" true true false 10 Text 0 0 ,First,#,Correccion_1,CINE_COM,-1,-1,Correccion_2,CINE_COM,-1,-1;NOM_COM "NOM_COM" true true false 50 Text 0 0 ,First,#,Correccion_1,NOM_COM,-1,-1,Correccion_2,NOM_COM,-1,-1;CINE_REG "CINE_REG" true true false 10 Text 0 0 ,First,#,Correccion_1,CINE_REG,-1,-1,Correccion_2,CINE_REG,-1,-1;NOM_PROV "NOM_PROV" true true false 50 Text 0 0 ,First,#,Correccion_1,NOM_PROV,-1,-1,Correccion_2,NOM_PROV,-1,-1;Nom_Cuen "Nom_Cuen" true true false 50 Text 0 0 ,First,#,Correccion_1,Nom_Cuen,-1,-1,Correccion_2,Nom_Cuen,-1,-1;Territorio "Territorio" true true false 50 Text 0 0 ,First,#,Correccion_1,Territorio,-1,-1,Correccion_2,Territorio,-1,-1;Nom_territ "Nom_territ" true true false 50 Text 0 0 ,First,#,Correccion_1,Nom_territ,-1,-1,Correccion_2,Nom_territ,-1,-1;Decreto_N "Decreto_N" true true false 4 Short 0 4 ,First,#,Correccion_1,Decreto_N,-1,-1,Correccion_2,Decreto_N,-1,-1;F_decreto "F_decreto" true true false 8 Date 0 0 ,First,#,Correccion_1,F_decreto,-1,-1,Correccion_2,F_decreto,-1,-1;F_caducida "F_caducida" true true false 8 Date 0 0 ,First,#,Correccion_1,F_caducida,-1,-1,Correccion_2,F_caducida,-1,-1;Area_km2 "Area_km2" true true false 16 Double 3 15 ,First,#,Correccion_1,Area_km2,-1,-1,Correccion_2,Area_km2,-1,-1;X "X" true true false 9 Long 0 9 ,First,#,Correccion_1,X,-1,-1,Correccion_2,X,-1,-1;Y "Y" true true false 9 Long 0 9 ,First,#,Correccion_1,Y,-1,-1,Correccion_2,Y,-1,-1;Num_mapa "Num_mapa" true true false 3 Short 0 3 ,First,#,Correccion_1,Num_mapa,-1,-1,Correccion_2,Num_mapa,-1,-1;Añodecreto "Añodecreto" true true false 5 Long 0 5 ,First,#,Correccion_1,Añodecreto,-1,-1,Correccion_2,Añodecreto,-1,-1;FT_Decre "FT_Decre" true true false 50 Text 0 0 ,First,#,Correccion_1,FT_Decre,-1,-1,Correccion_2,FT_Decre,-1,-1;FT_Caducid "FT_Caducid" true true false 50 Text 0 0 ,First,#,Correccion_1,FT_Caducid,-1,-1,Correccion_2,FT_Caducid,-1,-1"</Process><Process ToolSource="C:\Program Files (x86)\ArcGIS\Desktop10.0\ArcToolbox\Toolboxes\Data Management Tools.tbx\CalculateField" Date="20140512" Time="134044">CalculateField Decretos_escasez_historicos Añodecreto 2008 VB #</Process><Process ToolSource="C:\Program Files (x86)\ArcGIS\Desktop10.0\ArcToolbox\Toolboxes\Data Management Tools.tbx\CalculateField" Date="20140709" Time="163237">CalculateField Decretos_Escasez FT_Decre "05-02-2014" VB #</Process><Process ToolSource="C:\Program Files (x86)\ArcGIS\Desktop10.0\ArcToolbox\Toolboxes\Data Management Tools.tbx\CalculateField" Date="20140709" Time="163304">CalculateField Decretos_Escasez FT_Caducid "05-08-2014" VB #</Process><Process ToolSource="C:\Program Files (x86)\ArcGIS\Desktop10.0\ArcToolbox\Toolboxes\Data Management Tools.tbx\CalculateField" Date="20140710" Time="151915">CalculateField Decretos_Escasez LINK_DOC "http://www.dga.cl/administracionrecursoshidricos/decretosZonasEscasez/Documents/decreto_139.pdf" VB #</Process><Process ToolSource="C:\Program Files (x86)\ArcGIS\Desktop10.0\ArcToolbox\Toolboxes\Data Management Tools.tbx\CalculateField" Date="20140710" Time="155648">CalculateField Decretos_Escasez LINK_DOC "http://www.dga.cl/administracionrecursoshidricos/decretosZonasEscasez/Documents/Decreto_de_escasez_Hidrica_Maule.pdf" VB #</Process><Process ToolSource="C:\Program Files (x86)\ArcGIS\Desktop10.0\ArcToolbox\Toolboxes\Data Management Tools.tbx\CalculateField" Date="20140710" Time="160224">CalculateField Decretos_Escasez LINK_DOC "http://www.dga.cl/administracionrecursoshidricos/decretosZonasEscasez/Documents/Decreto_155_2014.pdf" VB #</Process><Process ToolSource="C:\Program Files (x86)\ArcGIS\Desktop10.0\ArcToolbox\Toolboxes\Conversion Tools.tbx\FeatureClassToFeatureClass" Date="20140710" Time="161011">FeatureClassToFeatureClass Decretos_Escasez D:\MAPOTECAS\DGA.gdb\Decretos_Escasez Decretos_Escasez_Hidrica # "CINE_PROV "CINE_PROV" true true false 10 Text 0 0 ,First,#,D:\DGA\NIVEL_CENTRAL\FISCALIZACION\Historico_Sequia_2008_2014\decretos.gdb\Decretos_Escasez,CINE_PROV,-1,-1;COD_COM "COD_COM" true true false 8 Double 0 0 ,First,#,D:\DGA\NIVEL_CENTRAL\FISCALIZACION\Historico_Sequia_2008_2014\decretos.gdb\Decretos_Escasez,COD_COM,-1,-1;CINE_COM "CINE_COM" true true false 10 Text 0 0 ,First,#,D:\DGA\NIVEL_CENTRAL\FISCALIZACION\Historico_Sequia_2008_2014\decretos.gdb\Decretos_Escasez,CINE_COM,-1,-1;NOM_COM "NOM_COM" true true false 50 Text 0 0 ,First,#,D:\DGA\NIVEL_CENTRAL\FISCALIZACION\Historico_Sequia_2008_2014\decretos.gdb\Decretos_Escasez,NOM_COM,-1,-1;CINE_REG "CINE_REG" true true false 10 Text 0 0 ,First,#,D:\DGA\NIVEL_CENTRAL\FISCALIZACION\Historico_Sequia_2008_2014\decretos.gdb\Decretos_Escasez,CINE_REG,-1,-1;NOM_PROV "NOM_PROV" true true false 50 Text 0 0 ,First,#,D:\DGA\NIVEL_CENTRAL\FISCALIZACION\Historico_Sequia_2008_2014\decretos.gdb\Decretos_Escasez,NOM_PROV,-1,-1;Nom_Cuen "Nom_Cuen" true true false 50 Text 0 0 ,First,#,D:\DGA\NIVEL_CENTRAL\FISCALIZACION\Historico_Sequia_2008_2014\decretos.gdb\Decretos_Escasez,Nom_Cuen,-1,-1;Territorio "Territorio" true true false 50 Text 0 0 ,First,#,D:\DGA\NIVEL_CENTRAL\FISCALIZACION\Historico_Sequia_2008_2014\decretos.gdb\Decretos_Escasez,Territorio,-1,-1;Nom_territ "Nom_territ" true true false 50 Text 0 0 ,First,#,D:\DGA\NIVEL_CENTRAL\FISCALIZACION\Historico_Sequia_2008_2014\decretos.gdb\Decretos_Escasez,Nom_territ,-1,-1;Decreto_N "Decreto_N" true true false 2 Short 0 0 ,First,#,D:\DGA\NIVEL_CENTRAL\FISCALIZACION\Historico_Sequia_2008_2014\decretos.gdb\Decretos_Escasez,Decreto_N,-1,-1;F_decreto "F_decreto" true true false 8 Date 0 0 ,First,#,D:\DGA\NIVEL_CENTRAL\FISCALIZACION\Historico_Sequia_2008_2014\decretos.gdb\Decretos_Escasez,F_decreto,-1,-1;F_caducida "F_caducida" true true false 8 Date 0 0 ,First,#,D:\DGA\NIVEL_CENTRAL\FISCALIZACION\Historico_Sequia_2008_2014\decretos.gdb\Decretos_Escasez,F_caducida,-1,-1;Area_km2 "Area_km2" true true false 8 Double 0 0 ,First,#,D:\DGA\NIVEL_CENTRAL\FISCALIZACION\Historico_Sequia_2008_2014\decretos.gdb\Decretos_Escasez,Area_km2,-1,-1;X "X" true true false 4 Long 0 0 ,First,#,D:\DGA\NIVEL_CENTRAL\FISCALIZACION\Historico_Sequia_2008_2014\decretos.gdb\Decretos_Escasez,X,-1,-1;Y "Y" true true false 4 Long 0 0 ,First,#,D:\DGA\NIVEL_CENTRAL\FISCALIZACION\Historico_Sequia_2008_2014\decretos.gdb\Decretos_Escasez,Y,-1,-1;Num_mapa "Num_mapa" true true false 2 Short 0 0 ,First,#,D:\DGA\NIVEL_CENTRAL\FISCALIZACION\Historico_Sequia_2008_2014\decretos.gdb\Decretos_Escasez,Num_mapa,-1,-1;Añodecreto "Añodecreto" true true false 4 Long 0 0 ,First,#,D:\DGA\NIVEL_CENTRAL\FISCALIZACION\Historico_Sequia_2008_2014\decretos.gdb\Decretos_Escasez,Añodecreto,-1,-1;FT_Decre "FT_Decre" true true false 50 Text 0 0 ,First,#,D:\DGA\NIVEL_CENTRAL\FISCALIZACION\Historico_Sequia_2008_2014\decretos.gdb\Decretos_Escasez,FT_Decre,-1,-1;FT_Caducid "FT_Caducid" true true false 50 Text 0 0 ,First,#,D:\DGA\NIVEL_CENTRAL\FISCALIZACION\Historico_Sequia_2008_2014\decretos.gdb\Decretos_Escasez,FT_Caducid,-1,-1;Shape_Length "Shape_Length" false true true 8 Double 0 0 ,First,#,D:\DGA\NIVEL_CENTRAL\FISCALIZACION\Historico_Sequia_2008_2014\decretos.gdb\Decretos_Escasez,Shape_Length,-1,-1;Shape_Area "Shape_Area" false true true 8 Double 0 0 ,First,#,D:\DGA\NIVEL_CENTRAL\FISCALIZACION\Historico_Sequia_2008_2014\decretos.gdb\Decretos_Escasez,Shape_Area,-1,-1;LINK_DOC "LINK_DOC" true true false 250 Text 0 0 ,First,#,D:\DGA\NIVEL_CENTRAL\FISCALIZACION\Historico_Sequia_2008_2014\decretos.gdb\Decretos_Escasez,LINK_DOC,-1,-1" #</Process><Process ToolSource="C:\Program Files (x86)\ArcGIS\Desktop10.0\ArcToolbox\Toolboxes\Data Management Tools.tbx\CalculateField" Date="20140904" Time="111423">CalculateField Decretos_Escasez_Hidrica Decreto_N 372 VB #</Process><Process ToolSource="C:\Program Files (x86)\ArcGIS\Desktop10.0\ArcToolbox\Toolboxes\Data Management Tools.tbx\CalculateField" Date="20141004" Time="155329">CalculateField Decretos_Escasez_Hidrica LINK_DOC "http://www.dga.cl/administracionrecursoshidricos/decretosZonasEscasez/Documents/decreto_406.pdf" VB #</Process><Process ToolSource="C:\Program Files (x86)\ArcGIS\Desktop10.0\ArcToolbox\Toolboxes\Data Management Tools.tbx\CalculateField" Date="20141004" Time="155417">CalculateField Decretos_Escasez_Hidrica LINK_DOC "http://www.dga.cl/administracionrecursoshidricos/decretosZonasEscasez/Documents/decreto_404.pdf" VB #</Process><Process ToolSource="C:\Program Files (x86)\ArcGIS\Desktop10.0\ArcToolbox\Toolboxes\Data Management Tools.tbx\CalculateField" Date="20141202" Time="092949">CalculateField Decretos_Escasez_Hidrica LINK_DOC "http://www.dga.cl/administracionrecursoshidricos/decretosZonasEscasez/Documents/decreto-459_2014.PDF" VB #</Process><Process ToolSource="C:\Program Files (x86)\ArcGIS\Desktop10.0\ArcToolbox\Toolboxes\Data Management Tools.tbx\CalculateField" Date="20150209" Time="140153">CalculateField Decretos_Escasez_Hidrica Nom_territ [NOM_COM] VB #</Process><Process ToolSource="C:\Program Files (x86)\ArcGIS\Desktop10.0\ArcToolbox\Toolboxes\Data Management Tools.tbx\CalculateField" Date="20150305" Time="100814">CalculateField Decretos_Escasez_Hidrica LINK_DOC "http://www.dga.cl/administracionrecursoshidricos/decretosZonasEscasez/Documents/decreto_87_2015.pdf" VB #</Process><Process ToolSource="C:\Program Files (x86)\ArcGIS\Desktop10.0\ArcToolbox\Toolboxes\Data Management Tools.tbx\CalculateField" Date="20150305" Time="101230">CalculateField Decretos_Escasez_Hidrica LINK_DOC "http://www.dga.cl/administracionrecursoshidricos/decretosZonasEscasez/Documents/decreto_88_2015.pdf" VB #</Process><Process ToolSource="C:\Program Files (x86)\ArcGIS\Desktop10.0\ArcToolbox\Toolboxes\Data Management Tools.tbx\CalculateField" Date="20150417" Time="145806">CalculateField Decretos_Escasez_Hidrica LINK_DOC "http://www.dga.cl/administracionrecursoshidricos/decretosZonasEscasez/Documents/Decreto_%20Escasez_101.pdf" VB #</Process><Process ToolSource="C:\Program Files (x86)\ArcGIS\Desktop10.0\ArcToolbox\Toolboxes\Data Management Tools.tbx\CalculateField" Date="20150618" Time="164445">CalculateField Decretos_Escasez_Hidrica LINK_DOC "http://www.dga.cl/administracionrecursoshidricos/decretosZonasEscasez/Documents/decreto_129.pdf" VB #</Process><Process ToolSource="C:\Program Files (x86)\ArcGIS\Desktop10.0\ArcToolbox\Toolboxes\Data Management Tools.tbx\CalculateField" Date="20150618" Time="164532">CalculateField Decretos_Escasez_Hidrica LINK_DOC "http://www.dga.cl/administracionrecursoshidricos/decretosZonasEscasez/Documents/decreto_140.pdf" VB #</Process><Process ToolSource="C:\Program Files (x86)\ArcGIS\Desktop10.0\ArcToolbox\Toolboxes\Data Management Tools.tbx\CalculateField" Date="20150811" Time="123659">CalculateField Decretos_Escasez_Hidrica Nom_territ LCase( [Nom_Cuen] ) VB #</Process><Process ToolSource="C:\Program Files (x86)\ArcGIS\Desktop10.0\ArcToolbox\Toolboxes\Data Management Tools.tbx\CalculateField" Date="20150811" Time="123737">CalculateField Decretos_Escasez_Hidrica Nom_territ LCase( [NOM_COM] ) VB #</Process><Process ToolSource="c:\program files (x86)\arcgis\desktop10.1\ArcToolbox\Toolboxes\Data Management Tools.tbx\CalculateField" Date="20160513" Time="111023">CalculateField Decretos_Escasez_Hidrica LINK_DOC "http://www.dga.cl/administracionrecursoshidricos/decretosZonasEscasez/Documents/141_decreto.PDF" VB #</Process><Process ToolSource="c:\program files (x86)\arcgis\desktop10.1\ArcToolbox\Toolboxes\Data Management Tools.tbx\CalculateField" Date="20160513" Time="111134">CalculateField Decretos_Escasez_Hidrica LINK_DOC "http://www.dga.cl/administracionrecursoshidricos/decretosZonasEscasez/Documents/154_ESCASEZ.PDF" VB #</Process><Process ToolSource="c:\program files (x86)\arcgis\desktop10.1\ArcToolbox\Toolboxes\Data Management Tools.tbx\CalculateField" Date="20160513" Time="111221">CalculateField Decretos_Escasez_Hidrica LINK_DOC "http://www.dga.cl/administracionrecursoshidricos/decretosZonasEscasez/Documents/157_.PDF" VB #</Process><Process ToolSource="c:\program files (x86)\arcgis\desktop10.1\ArcToolbox\Toolboxes\Data Management Tools.tbx\CalculateField" Date="20160623" Time="190313">CalculateField Decretos_Escasez_Hidrica LINK_DOC "http://www.dga.cl/administracionrecursoshidricos/decretosZonasEscasez/Documents/180_mayo_2016.pdf" VB #</Process><Process ToolSource="c:\program files (x86)\arcgis\desktop10.1\ArcToolbox\Toolboxes\Data Management Tools.tbx\CalculateField" Date="20161115" Time="161011">CalculateField Decretos_Escasez_Hidrica LINK_DOC "http://www.dga.cl/administracionrecursoshidricos/decretosZonasEscasez/Documents/Dto241-VIIregion.pdf" VB #</Process><Process ToolSource="c:\program files (x86)\arcgis\desktop10.1\ArcToolbox\Toolboxes\Data Management Tools.tbx\CalculateField" Date="20161207" Time="164923">CalculateField Decretos_Escasez_Hidrica Decreto_N "251" VB #</Process><Process ToolSource="c:\program files (x86)\arcgis\desktop10.1\ArcToolbox\Toolboxes\Data Management Tools.tbx\CalculateField" Date="20161207" Time="165153">CalculateField Decretos_Escasez_Hidrica Territorio "Comuna" VB #</Process><Process ToolSource="c:\program files (x86)\arcgis\desktop10.1\ArcToolbox\Toolboxes\Data Management Tools.tbx\CalculateField" Date="20161207" Time="165206">CalculateField Decretos_Escasez_Hidrica Añodecreto "2016" VB #</Process><Process ToolSource="c:\program files (x86)\arcgis\desktop10.1\ArcToolbox\Toolboxes\Data Management Tools.tbx\CalculateField" Date="20170126" Time="101530">CalculateField Decretos_Escasez_Hidrica LINK_DOC "http://www.dga.cl/administracionrecursoshidricos/decretosZonasEscasez/Documents/251.PDF" VB #</Process><Process ToolSource="c:\program files (x86)\arcgis\desktop10.1\ArcToolbox\Toolboxes\Data Management Tools.tbx\CalculateField" Date="20170130" Time="153654">CalculateField Decretos_Escasez_Hidrica Añodecreto "2008" VB #</Process><Process ToolSource="c:\program files (x86)\arcgis\desktop10.1\ArcToolbox\Toolboxes\Data Management Tools.tbx\CalculateField" Date="20170130" Time="153714">CalculateField Decretos_Escasez_Hidrica Añodecreto "2009" VB #</Process><Process ToolSource="c:\program files (x86)\arcgis\desktop10.1\ArcToolbox\Toolboxes\Data Management Tools.tbx\CalculateField" Date="20170130" Time="153730">CalculateField Decretos_Escasez_Hidrica Añodecreto "2010" VB #</Process><Process ToolSource="c:\program files (x86)\arcgis\desktop10.1\ArcToolbox\Toolboxes\Data Management Tools.tbx\CalculateField" Date="20170130" Time="153801">CalculateField Decretos_Escasez_Hidrica Añodecreto "2011" VB #</Process><Process ToolSource="c:\program files (x86)\arcgis\desktop10.1\ArcToolbox\Toolboxes\Data Management Tools.tbx\CalculateField" Date="20170130" Time="153842">CalculateField Decretos_Escasez_Hidrica Añodecreto "2012" VB #</Process><Process ToolSource="c:\program files (x86)\arcgis\desktop10.1\ArcToolbox\Toolboxes\Data Management Tools.tbx\CalculateField" Date="20170130" Time="153900">CalculateField Decretos_Escasez_Hidrica Añodecreto "2013" VB #</Process><Process ToolSource="c:\program files (x86)\arcgis\desktop10.1\ArcToolbox\Toolboxes\Data Management Tools.tbx\CalculateField" Date="20170130" Time="153928">CalculateField Decretos_Escasez_Hidrica Añodecreto "2014" VB #</Process><Process ToolSource="c:\program files (x86)\arcgis\desktop10.1\ArcToolbox\Toolboxes\Data Management Tools.tbx\CalculateField" Date="20170130" Time="153954">CalculateField Decretos_Escasez_Hidrica Añodecreto "2015" VB #</Process><Process ToolSource="c:\program files (x86)\arcgis\desktop10.1\ArcToolbox\Toolboxes\Data Management Tools.tbx\CalculateField" Date="20170130" Time="154019">CalculateField Decretos_Escasez_Hidrica Añodecreto "2016" VB #</Process><Process ToolSource="c:\program files (x86)\arcgis\desktop10.1\ArcToolbox\Toolboxes\Data Management Tools.tbx\CalculateField" Date="20170130" Time="154029">CalculateField Decretos_Escasez_Hidrica Añodecreto "2017" VB #</Process><Process ToolSource="c:\program files (x86)\arcgis\desktop10.3\ArcToolbox\Toolboxes\Data Management Tools.tbx\CalculateField" Date="20170223" Time="101320">CalculateField Decretos_Escasez_Hidrica LINK_DOC "http://www.dga.cl/administracionrecursoshidricos/decretosZonasEscasez/Documents/4_2017.pdf" VB #</Process><Process ToolSource="c:\program files (x86)\arcgis\desktop10.3\ArcToolbox\Toolboxes\Data Management Tools.tbx\CalculateField" Date="20170223" Time="101350">CalculateField Decretos_Escasez_Hidrica LINK_DOC "http://www.dga.cl/administracionrecursoshidricos/decretosZonasEscasez/Documents/Decreto_escasez_Santa_Maria-Valpo.PDF" VB #</Process><Process ToolSource="c:\program files (x86)\arcgis\desktop10.3\ArcToolbox\Toolboxes\Data Management Tools.tbx\CalculateField" Date="20170531" Time="111627">CalculateField Decretos_Escasez_Hidrica Decreto_N 58 VB #</Process><Process ToolSource="c:\program files (x86)\arcgis\desktop10.3\ArcToolbox\Toolboxes\Data Management Tools.tbx\CalculateField" Date="20170531" Time="111647">CalculateField Decretos_Escasez_Hidrica F_decreto 26-05-2017 VB #</Process><Process ToolSource="c:\program files (x86)\arcgis\desktop10.3\ArcToolbox\Toolboxes\Data Management Tools.tbx\CalculateField" Date="20170725" Time="085609">CalculateField Decretos_Escasez_Hidrica Territorio "Comuna" VB #</Process><Process ToolSource="c:\program files (x86)\arcgis\desktop10.3\ArcToolbox\Toolboxes\Data Management Tools.tbx\CalculateField" Date="20170725" Time="085743">CalculateField Decretos_Escasez_Hidrica Decreto_N 74 VB #</Process><Process ToolSource="c:\program files (x86)\arcgis\desktop10.3\ArcToolbox\Toolboxes\Data Management Tools.tbx\CalculateField" Date="20170725" Time="090011">CalculateField Decretos_Escasez_Hidrica Añodecreto 2017 VB #</Process><Process ToolSource="c:\program files (x86)\arcgis\desktop10.3\ArcToolbox\Toolboxes\Data Management Tools.tbx\CalculateField" Date="20170725" Time="090124">CalculateField Decretos_Escasez_Hidrica LINK_DOC "http://www.dga.cl/administracionrecursoshidricos/decretosZonasEscasez/Paginas/default.aspx" VB #</Process><Process ToolSource="c:\program files (x86)\arcgis\desktop10.3\ArcToolbox\Toolboxes\Data Management Tools.tbx\CalculateField" Date="20170725" Time="090155">CalculateField Decretos_Escasez_Hidrica LINK_DOC "http://www.dga.cl/administracionrecursoshidricos/decretosZonasEscasez/Documents/74.pdf" VB #</Process><Process ToolSource="c:\program files (x86)\arcgis\desktop10.3\ArcToolbox\Toolboxes\Data Management Tools.tbx\CalculateField" Date="20171110" Time="101412">CalculateField Decretos_Escasez_Hidrica Territorio "Comuna" VB #</Process><Process ToolSource="c:\program files (x86)\arcgis\desktop10.3\ArcToolbox\Toolboxes\Data Management Tools.tbx\CalculateField" Date="20171110" Time="101708">CalculateField Decretos_Escasez_Hidrica Decreto_N 120 VB #</Process><Process ToolSource="c:\program files (x86)\arcgis\desktop10.3\ArcToolbox\Toolboxes\Data Management Tools.tbx\CalculateField" Date="20171205" Time="181018">CalculateField Decretos_Escasez_Hidrica Territorio "Comuna" VB #</Process><Process ToolSource="c:\program files (x86)\arcgis\desktop10.3\ArcToolbox\Toolboxes\Data Management Tools.tbx\CalculateField" Date="20171205" Time="181034">CalculateField Decretos_Escasez_Hidrica Decreto_N 143 VB #</Process><Process ToolSource="c:\program files (x86)\arcgis\desktop10.3\ArcToolbox\Toolboxes\Data Management Tools.tbx\CalculateField" Date="20171205" Time="181051">CalculateField Decretos_Escasez_Hidrica F_decreto 04-12-2017 VB #</Process><Process ToolSource="c:\program files (x86)\arcgis\desktop10.3\ArcToolbox\Toolboxes\Data Management Tools.tbx\CalculateField" Date="20171205" Time="181111">CalculateField Decretos_Escasez_Hidrica F_decreto "04-12-2017" VB #</Process><Process ToolSource="c:\program files (x86)\arcgis\desktop10.3\ArcToolbox\Toolboxes\Data Management Tools.tbx\CalculateField" Date="20171205" Time="181141">CalculateField Decretos_Escasez_Hidrica F_caducida "04-06-2018" VB #</Process><Process ToolSource="c:\program files (x86)\arcgis\desktop10.3\ArcToolbox\Toolboxes\Data Management Tools.tbx\CalculateField" Date="20171205" Time="181214">CalculateField Decretos_Escasez_Hidrica Añodecreto 2017 VB #</Process><Process ToolSource="c:\program files (x86)\arcgis\desktop10.3\ArcToolbox\Toolboxes\Data Management Tools.tbx\CalculateField" Date="20171205" Time="181348">CalculateField Decretos_Escasez_Hidrica FT_Decre "04-12-2017" VB #</Process><Process ToolSource="c:\program files (x86)\arcgis\desktop10.3\ArcToolbox\Toolboxes\Data Management Tools.tbx\CalculateField" Date="20171205" Time="181401">CalculateField Decretos_Escasez_Hidrica FT_Caducid "04-06-2018" VB #</Process><Process ToolSource="c:\program files (x86)\arcgis\desktop10.3\ArcToolbox\Toolboxes\Data Management Tools.tbx\CalculateField" Date="20180129" Time="152204">CalculateField Decretos_Escasez_Hidrica Decreto_N 4 VB #</Process><Process ToolSource="c:\program files (x86)\arcgis\desktop10.3\ArcToolbox\Toolboxes\Data Management Tools.tbx\CalculateField" Date="20180129" Time="152357">CalculateField Decretos_Escasez_Hidrica Añodecreto 2018 VB #</Process><Process ToolSource="c:\program files (x86)\arcgis\desktop10.3\ArcToolbox\Toolboxes\Data Management Tools.tbx\CalculateField" Date="20180202" Time="125017">CalculateField Decretos_Escasez_Hidrica LINK_DOC "http://www.dga.cl/administracionrecursoshidricos/decretosZonasEscasez/Documents/115-2017.pdf" VB #</Process><Process ToolSource="c:\program files (x86)\arcgis\desktop10.3\ArcToolbox\Toolboxes\Data Management Tools.tbx\CalculateField" Date="20180202" Time="125103">CalculateField Decretos_Escasez_Hidrica LINK_DOC "http://www.dga.cl/administracionrecursoshidricos/decretosZonasEscasez/Documents/DC_120.pdf" VB #</Process><Process ToolSource="c:\program files (x86)\arcgis\desktop10.3\ArcToolbox\Toolboxes\Data Management Tools.tbx\CalculateField" Date="20180202" Time="125215">CalculateField Decretos_Escasez_Hidrica LINK_DOC "http://www.dga.cl/administracionrecursoshidricos/decretosZonasEscasez/Documents/143_ESCASEZ_HIDRICA.pdf" VB #</Process><Process ToolSource="c:\program files (x86)\arcgis\desktop10.3\ArcToolbox\Toolboxes\Data Management Tools.tbx\CalculateField" Date="20180207" Time="100313">CalculateField Decretos_Escasez_Hidrica CINE_REG 4 VB #</Process><Process ToolSource="c:\program files (x86)\arcgis\desktop10.3\ArcToolbox\Toolboxes\Data Management Tools.tbx\CalculateField" Date="20180207" Time="100333">CalculateField Decretos_Escasez_Hidrica CINE_REG 7 VB #</Process><Process ToolSource="c:\program files (x86)\arcgis\desktop10.3\ArcToolbox\Toolboxes\Data Management Tools.tbx\CalculateField" Date="20180504" Time="171629">CalculateField Decretos_Escasez_Hidrica Decreto_N 89 VB #</Process><Process ToolSource="c:\program files (x86)\arcgis\desktop10.3\ArcToolbox\Toolboxes\Data Management Tools.tbx\CalculateField" Date="20180608" Time="154444">CalculateField Decretos_Escasez_Hidrica Decreto_N 95 VB #</Process><Process ToolSource="c:\program files (x86)\arcgis\desktop10.3\ArcToolbox\Toolboxes\Data Management Tools.tbx\CalculateField" Date="20180608" Time="154504">CalculateField Decretos_Escasez_Hidrica F_decreto 05-06-2018 VB #</Process><Process ToolSource="c:\program files (x86)\arcgis\desktop10.3\ArcToolbox\Toolboxes\Data Management Tools.tbx\CalculateField" Date="20180608" Time="154605">CalculateField Decretos_Escasez_Hidrica Añodecreto 2018 VB #</Process><Process ToolSource="c:\program files (x86)\arcgis\desktop10.3\ArcToolbox\Toolboxes\Data Management Tools.tbx\CalculateField" Date="20180814" Time="154034">CalculateField Decretos_Escasez_Hidrica LINK_DOC "http://www.dga.cl/administracionrecursoshidricos/decretosZonasEscasez/Documents/Decreto_Escasez_N95_Maule.pdf" VB #</Process><Process ToolSource="c:\program files (x86)\arcgis\desktop10.3\ArcToolbox\Toolboxes\Data Management Tools.tbx\CalculateField" Date="20180814" Time="154117">CalculateField Decretos_Escasez_Hidrica LINK_DOC "http://www.dga.cl/administracionrecursoshidricos/decretosZonasEscasez/Documents/Decreto_de_escasez_114_Petorca.pdf" VB #</Process><Process ToolSource="c:\program files (x86)\arcgis\desktop10.3\ArcToolbox\Toolboxes\Data Management Tools.tbx\CalculateField" Date="20180907" Time="183820">CalculateField Decretos_Escasez_Hidrica LINK_DOC "http://www.dga.cl/administracionrecursoshidricos/decretosZonasEscasez/Documents/125.pdf" VB #</Process><Process ToolSource="c:\program files (x86)\arcgis\desktop10.3\ArcToolbox\Toolboxes\Data Management Tools.tbx\CalculateField" Date="20180907" Time="183847">CalculateField Decretos_Escasez_Hidrica LINK_DOC "http://www.dga.cl/administracionrecursoshidricos/decretosZonasEscasez/Documents/126_Decreto.pdf" VB #</Process><Process ToolSource="c:\program files (x86)\arcgis\desktop10.5\ArcToolbox\Toolboxes\Data Management Tools.tbx\CalculateField" Date="20190822" Time="174031">CalculateField Decretos_Escasez_Hidrica num_Comunas 1 VB #</Process><Process ToolSource="c:\program files (x86)\arcgis\desktop10.5\ArcToolbox\Toolboxes\Data Management Tools.tbx\CalculateField" Date="20190822" Time="175511">CalculateField Decretos_Escasez_Hidrica Nom_territ "Concón" VB #</Process><Process ToolSource="c:\program files (x86)\arcgis\desktop10.5\ArcToolbox\Toolboxes\Data Management Tools.tbx\CalculateField" Date="20190822" Time="175721">CalculateField Decretos_Escasez_Hidrica Nom_territ "Linares" VB #</Process><Process ToolSource="c:\program files (x86)\arcgis\desktop10.5\ArcToolbox\Toolboxes\Data Management Tools.tbx\CalculateField" Date="20190822" Time="175851">CalculateField Decretos_Escasez_Hidrica Nom_territ "Llaillay" VB #</Process><Process ToolSource="c:\program files (x86)\arcgis\desktop10.5\ArcToolbox\Toolboxes\Data Management Tools.tbx\CalculateField" Date="20190822" Time="175944">CalculateField Decretos_Escasez_Hidrica Nom_territ "Longaví" VB #</Process><Process ToolSource="c:\program files (x86)\arcgis\desktop10.5\ArcToolbox\Toolboxes\Data Management Tools.tbx\CalculateField" Date="20190822" Time="180102">CalculateField Decretos_Escasez_Hidrica Nom_territ "Los Vilos" VB #</Process><Process ToolSource="c:\program files (x86)\arcgis\desktop10.5\ArcToolbox\Toolboxes\Data Management Tools.tbx\CalculateField" Date="20190822" Time="180221">CalculateField Decretos_Escasez_Hidrica Nom_territ "Marga Marga" VB #</Process><Process ToolSource="c:\program files (x86)\arcgis\desktop10.5\ArcToolbox\Toolboxes\Data Management Tools.tbx\CalculateField" Date="20190822" Time="180319">CalculateField Decretos_Escasez_Hidrica Nom_territ "Maule" VB #</Process><Process ToolSource="c:\program files (x86)\arcgis\desktop10.5\ArcToolbox\Toolboxes\Data Management Tools.tbx\CalculateField" Date="20190822" Time="180421">CalculateField Decretos_Escasez_Hidrica Nom_territ "Monte Patria" VB #</Process><Process ToolSource="c:\program files (x86)\arcgis\desktop10.5\ArcToolbox\Toolboxes\Data Management Tools.tbx\CalculateField" Date="20190822" Time="180626">CalculateField Decretos_Escasez_Hidrica Nom_territ "Paiguano" VB #</Process><Process ToolSource="c:\program files (x86)\arcgis\desktop10.5\ArcToolbox\Toolboxes\Data Management Tools.tbx\CalculateField" Date="20190822" Time="180823">CalculateField Decretos_Escasez_Hidrica Nom_territ "Pelarco" VB #</Process><Process ToolSource="c:\program files (x86)\arcgis\desktop10.5\ArcToolbox\Toolboxes\Data Management Tools.tbx\CalculateField" Date="20190822" Time="180949">CalculateField Decretos_Escasez_Hidrica Nom_territ "Quillota" VB #</Process><Process ToolSource="c:\program files (x86)\arcgis\desktop10.5\ArcToolbox\Toolboxes\Data Management Tools.tbx\CalculateField" Date="20190822" Time="181058">CalculateField Decretos_Escasez_Hidrica Nom_territ "Río Claro" VB #</Process><Process ToolSource="c:\program files (x86)\arcgis\desktop10.5\ArcToolbox\Toolboxes\Data Management Tools.tbx\CalculateField" Date="20190822" Time="181211">CalculateField Decretos_Escasez_Hidrica Nom_territ "Río Claro de Talca" VB #</Process><Process ToolSource="c:\program files (x86)\arcgis\desktop10.5\ArcToolbox\Toolboxes\Data Management Tools.tbx\CalculateField" Date="20190822" Time="181315">CalculateField Decretos_Escasez_Hidrica Nom_territ "Río Hurtado" VB #</Process><Process ToolSource="c:\program files (x86)\arcgis\desktop10.5\ArcToolbox\Toolboxes\Data Management Tools.tbx\CalculateField" Date="20190822" Time="181513">CalculateField Decretos_Escasez_Hidrica Nom_territ "Río Ligua" VB #</Process><Process ToolSource="c:\program files (x86)\arcgis\desktop10.5\ArcToolbox\Toolboxes\Data Management Tools.tbx\CalculateField" Date="20190822" Time="181613">CalculateField Decretos_Escasez_Hidrica Nom_territ "Río La Ligua" VB #</Process><Process ToolSource="c:\program files (x86)\arcgis\desktop10.5\ArcToolbox\Toolboxes\Data Management Tools.tbx\CalculateField" Date="20190822" Time="181706">CalculateField Decretos_Escasez_Hidrica Nom_territ "Río Petorca" VB #</Process><Process ToolSource="c:\program files (x86)\arcgis\desktop10.5\ArcToolbox\Toolboxes\Data Management Tools.tbx\CalculateField" Date="20190822" Time="181755">CalculateField Decretos_Escasez_Hidrica Nom_territ "San Clemente" VB #</Process><Process ToolSource="c:\program files (x86)\arcgis\desktop10.5\ArcToolbox\Toolboxes\Data Management Tools.tbx\CalculateField" Date="20190822" Time="182442">CalculateField Decretos_Escasez_Hidrica Nom_territ "San Felipe de Aconcagua" VB #</Process><Process ToolSource="c:\program files (x86)\arcgis\desktop10.5\ArcToolbox\Toolboxes\Data Management Tools.tbx\CalculateField" Date="20190822" Time="182931">CalculateField Decretos_Escasez_Hidrica Nom_territ "Vicuña" VB #</Process><Process ToolSource="c:\program files (x86)\arcgis\desktop10.5\ArcToolbox\Toolboxes\Data Management Tools.tbx\CalculateField" Date="20190822" Time="191651">CalculateField Decretos_Escasez_Hidrica num_Comunas 0 VB #</Process><Process ToolSource="c:\program files (x86)\arcgis\desktop10.5\ArcToolbox\Toolboxes\Data Management Tools.tbx\CalculateField" Date="20190822" Time="192426">CalculateField Decretos_Escasez_Hidrica Num_Com_Parte 0 VB #</Process><Process ToolSource="c:\program files (x86)\arcgis\desktop10.5\ArcToolbox\Toolboxes\Data Management Tools.tbx\CalculateField" Date="20190826" Time="155904">CalculateField Decretos_Escasez_Hidrica Num_Com_Parte "15" VB #</Process><Process ToolSource="c:\program files (x86)\arcgis\desktop10.5\ArcToolbox\Toolboxes\Data Management Tools.tbx\CalculateField" Date="20190826" Time="155925">CalculateField Decretos_Escasez_Hidrica Num_Com_Parte 0 VB #</Process><Process ToolSource="c:\program files (x86)\arcgis\desktop10.5\ArcToolbox\Toolboxes\Data Management Tools.tbx\CalculateField" Date="20190826" Time="155942">CalculateField Decretos_Escasez_Hidrica N_COM_EN_REG 15 VB #</Process><Process ToolSource="c:\program files (x86)\arcgis\desktop10.5\ArcToolbox\Toolboxes\Data Management Tools.tbx\CalculateField" Date="20190826" Time="160026">CalculateField Decretos_Escasez_Hidrica N_COM_EN_PROV 0 VB #</Process><Process ToolSource="c:\program files (x86)\arcgis\desktop10.5\ArcToolbox\Toolboxes\Data Management Tools.tbx\CalculateField" Date="20190826" Time="160115">CalculateField Decretos_Escasez_Hidrica N_COM_EN_COM 0 VB #</Process><Process ToolSource="c:\program files (x86)\arcgis\desktop10.5\ArcToolbox\Toolboxes\Data Management Tools.tbx\CalculateField" Date="20190826" Time="160501">CalculateField Decretos_Escasez_Hidrica KM2_DECRETO [Area_km2] VB #</Process><Process ToolSource="c:\program files (x86)\arcgis\desktop10.5\ArcToolbox\Toolboxes\Data Management Tools.tbx\CalculateField" Date="20190826" Time="160516">CalculateField Decretos_Escasez_Hidrica N_COM_EN_CUENCA 0 VB #</Process><Process ToolSource="c:\program files (x86)\arcgis\desktop10.5\ArcToolbox\Toolboxes\Data Management Tools.tbx\CalculateField" Date="20190826" Time="161046">CalculateField Decretos_Escasez_Hidrica N_COM_EN_REG 0 VB #</Process><Process ToolSource="c:\program files (x86)\arcgis\desktop10.5\ArcToolbox\Toolboxes\Data Management Tools.tbx\CalculateField" Date="20190826" Time="161054">CalculateField Decretos_Escasez_Hidrica N_COM_EN_COM 0 VB #</Process><Process ToolSource="c:\program files (x86)\arcgis\desktop10.5\ArcToolbox\Toolboxes\Data Management Tools.tbx\CalculateField" Date="20190826" Time="161058">CalculateField Decretos_Escasez_Hidrica N_COM_EN_CUENCA 0 VB #</Process><Process ToolSource="c:\program files (x86)\arcgis\desktop10.5\ArcToolbox\Toolboxes\Data Management Tools.tbx\CalculateField" Date="20190826" Time="161406">CalculateField Decretos_Escasez_Hidrica N_COM_EN_PROV 3 VB #</Process><Process ToolSource="c:\program files (x86)\arcgis\desktop10.5\ArcToolbox\Toolboxes\Data Management Tools.tbx\CalculateField" Date="20190826" Time="162943">CalculateField Decretos_Escasez_Hidrica N_COM_EN_PROV 5 VB #</Process><Process ToolSource="c:\program files (x86)\arcgis\desktop10.5\ArcToolbox\Toolboxes\Data Management Tools.tbx\CalculateField" Date="20190826" Time="164046">CalculateField Decretos_Escasez_Hidrica N_COM_EN_REG 0 VB #</Process><Process ToolSource="c:\program files (x86)\arcgis\desktop10.5\ArcToolbox\Toolboxes\Data Management Tools.tbx\CalculateField" Date="20190826" Time="164051">CalculateField Decretos_Escasez_Hidrica N_COM_EN_PROV 0 VB #</Process><Process ToolSource="c:\program files (x86)\arcgis\desktop10.5\ArcToolbox\Toolboxes\Data Management Tools.tbx\CalculateField" Date="20190826" Time="164059">CalculateField Decretos_Escasez_Hidrica N_COM_EN_COM 1 VB #</Process><Process ToolSource="c:\program files (x86)\arcgis\desktop10.5\ArcToolbox\Toolboxes\Data Management Tools.tbx\CalculateField" Date="20190826" Time="164107">CalculateField Decretos_Escasez_Hidrica N_COM_EN_CUENCA 0 VB #</Process><Process ToolSource="c:\program files (x86)\arcgis\desktop10.5\ArcToolbox\Toolboxes\Data Management Tools.tbx\CalculateField" Date="20190826" Time="164346">CalculateField Decretos_Escasez_Hidrica N_COM_EN_PARTE_CUENCA 0 VB #</Process><Process ToolSource="c:\program files (x86)\arcgis\desktop10.5\ArcToolbox\Toolboxes\Data Management Tools.tbx\CalculateField" Date="20190826" Time="164413">CalculateField Decretos_Escasez_Hidrica N_COM_EN_PARTE_CUENCA 0 VB #</Process><Process ToolSource="c:\program files (x86)\arcgis\desktop10.5\ArcToolbox\Toolboxes\Data Management Tools.tbx\CalculateField" Date="20190826" Time="164519">CalculateField Decretos_Escasez_Hidrica N_COM_EN_PARTE_CUENCA 0 VB #</Process><Process ToolSource="c:\program files (x86)\arcgis\desktop10.5\ArcToolbox\Toolboxes\Data Management Tools.tbx\CalculateField" Date="20190826" Time="184921">CalculateField Decretos_Escasez_Hidrica N_COM_EN_REG 0 VB #</Process><Process ToolSource="c:\program files (x86)\arcgis\desktop10.5\ArcToolbox\Toolboxes\Data Management Tools.tbx\CalculateField" Date="20190826" Time="184937">CalculateField Decretos_Escasez_Hidrica N_COM_EN_PROV 0 VB #</Process><Process ToolSource="c:\program files (x86)\arcgis\desktop10.5\ArcToolbox\Toolboxes\Data Management Tools.tbx\CalculateField" Date="20190826" Time="184944">CalculateField Decretos_Escasez_Hidrica N_COM_EN_COM 0 VB #</Process><Process ToolSource="c:\program files (x86)\arcgis\desktop10.5\ArcToolbox\Toolboxes\Data Management Tools.tbx\CalculateField" Date="20190826" Time="184950">CalculateField Decretos_Escasez_Hidrica N_COM_EN_CUENCA 0 VB #</Process><Process ToolSource="c:\program files (x86)\arcgis\desktop10.5\ArcToolbox\Toolboxes\Data Management Tools.tbx\CalculateField" Date="20190826" Time="184956">CalculateField Decretos_Escasez_Hidrica N_COM_EN_PARTE_CUENCA 0 VB #</Process><Process ToolSource="c:\program files (x86)\arcgis\desktop10.5\ArcToolbox\Toolboxes\Data Management Tools.tbx\CalculateField" Date="20190826" Time="191959">CalculateField Decretos_Escasez_Hidrica Fraccion_COM_CUEN "[Akm2_COM]/ [Area_km2]" VB #</Process><Process ToolSource="c:\program files (x86)\arcgis\desktop10.5\ArcToolbox\Toolboxes\Data Management Tools.tbx\CalculateField" Date="20190826" Time="192057">CalculateField Decretos_Escasez_Hidrica Fraccion_COM_CUEN "[Area_km2] / [Akm2_COM]" VB #</Process><Process ToolSource="c:\program files (x86)\arcgis\desktop10.5\ArcToolbox\Toolboxes\Data Management Tools.tbx\CalculateField" Date="20190826" Time="192623">CalculateField Decretos_Escasez_Hidrica Fraccion_COM_CUEN "[Area_km2] / [Akm2_COM]" VB #</Process><Process ToolSource="c:\program files (x86)\arcgis\desktop10.5\ArcToolbox\Toolboxes\Data Management Tools.tbx\CalculateField" Date="20190826" Time="192846">CalculateField Decretos_Escasez_Hidrica Fraccion_COM_CUEN "[Area_km2] / [Akm2_COM]" VB #</Process><Process ToolSource="c:\program files (x86)\arcgis\desktop10.5\ArcToolbox\Toolboxes\Data Management Tools.tbx\CalculateField" Date="20190826" Time="193147">CalculateField Decretos_Escasez_Hidrica Fraccion_COM_CUEN "[Area_km2] / [Akm2_COM]" VB #</Process><Process ToolSource="c:\program files (x86)\arcgis\desktop10.5\ArcToolbox\Toolboxes\Data Management Tools.tbx\CalculateField" Date="20190826" Time="193417">CalculateField Decretos_Escasez_Hidrica Fraccion_COM_CUEN "[Area_km2] / [Akm2_COM]" VB #</Process><Process ToolSource="c:\program files (x86)\arcgis\desktop10.5\ArcToolbox\Toolboxes\Data Management Tools.tbx\CalculateField" Date="20190826" Time="193810">CalculateField Decretos_Escasez_Hidrica Fraccion_COM_CUEN "[Area_km2] / [Akm2_COM]" VB #</Process><Process ToolSource="c:\program files (x86)\arcgis\desktop10.5\ArcToolbox\Toolboxes\Data Management Tools.tbx\CalculateField" Date="20190826" Time="194314">CalculateField Decretos_Escasez_Hidrica Fraccion_COM_CUEN "[Area_km2] / [Akm2_COM]" VB #</Process><Process ToolSource="c:\program files (x86)\arcgis\desktop10.5\ArcToolbox\Toolboxes\Data Management Tools.tbx\CalculateField" Date="20190826" Time="194445">CalculateField Decretos_Escasez_Hidrica Fraccion_COM_CUEN "[Area_km2] / [Akm2_COM]" VB #</Process><Process ToolSource="c:\program files (x86)\arcgis\desktop10.5\ArcToolbox\Toolboxes\Data Management Tools.tbx\CalculateField" Date="20190826" Time="194757">CalculateField Decretos_Escasez_Hidrica Fraccion_COM_CUEN "[Area_km2] / [Akm2_COM]" VB #</Process><Process ToolSource="c:\program files (x86)\arcgis\desktop10.5\ArcToolbox\Toolboxes\Data Management Tools.tbx\CalculateField" Date="20190826" Time="200207">CalculateField Decretos_Escasez_Hidrica Fraccion_COM_CUEN "[Area_km2] / [Akm2_COM]" VB #</Process><Process ToolSource="c:\program files (x86)\arcgis\desktop10.5\ArcToolbox\Toolboxes\Data Management Tools.tbx\CalculateField" Date="20190826" Time="200518">CalculateField Decretos_Escasez_Hidrica Fraccion_COM_CUEN "[Area_km2] / [Akm2_COM]" VB #</Process><Process ToolSource="c:\program files (x86)\arcgis\desktop10.5\ArcToolbox\Toolboxes\Data Management Tools.tbx\CalculateField" Date="20190826" Time="200534">CalculateField Decretos_Escasez_Hidrica Fraccion_COM_CUEN "[Area_km2] / [Akm2_COM]" VB #</Process><Process ToolSource="c:\program files (x86)\arcgis\desktop10.5\ArcToolbox\Toolboxes\Data Management Tools.tbx\CalculateField" Date="20190826" Time="200632">CalculateField Decretos_Escasez_Hidrica Fraccion_COM_CUEN "[Area_km2] / [Akm2_COM]" VB #</Process><Process ToolSource="c:\program files (x86)\arcgis\desktop10.5\ArcToolbox\Toolboxes\Data Management Tools.tbx\CalculateField" Date="20190826" Time="200737">CalculateField Decretos_Escasez_Hidrica Fraccion_COM_CUEN "[Area_km2] / [Akm2_COM]" VB #</Process><Process ToolSource="c:\program files (x86)\arcgis\desktop10.5\ArcToolbox\Toolboxes\Data Management Tools.tbx\CalculateField" Date="20190826" Time="200929">CalculateField Decretos_Escasez_Hidrica Fraccion_COM_CUEN "[Area_km2] / [Akm2_COM]" VB #</Process><Process ToolSource="c:\program files (x86)\arcgis\desktop10.5\ArcToolbox\Toolboxes\Data Management Tools.tbx\CalculateField" Date="20190826" Time="201008">CalculateField Decretos_Escasez_Hidrica Fraccion_COM_CUEN "[Area_km2] / [Akm2_COM]" VB #</Process><Process ToolSource="c:\program files (x86)\arcgis\desktop10.5\ArcToolbox\Toolboxes\Data Management Tools.tbx\CalculateField" Date="20190826" Time="201639">CalculateField Decretos_Escasez_Hidrica Fraccion_COM_CUEN "[Area_km2] / [Akm2_COM]" VB #</Process><Process ToolSource="c:\program files (x86)\arcgis\desktop10.5\ArcToolbox\Toolboxes\Data Management Tools.tbx\CalculateField" Date="20190826" Time="202151">CalculateField Decretos_Escasez_Hidrica Akm2_COM 0 VB #</Process><Process ToolSource="c:\program files (x86)\arcgis\desktop10.5\ArcToolbox\Toolboxes\Data Management Tools.tbx\CalculateField" Date="20190826" Time="202202">CalculateField Decretos_Escasez_Hidrica Fraccion_COM_CUEN 0 VB #</Process><Process ToolSource="c:\program files (x86)\arcgis\desktop10.5\ArcToolbox\Toolboxes\Data Management Tools.tbx\CalculateField" Date="20190826" Time="202328">CalculateField Decretos_Escasez_Hidrica N_COM_EN_CUENCA 1 VB #</Process><Process ToolSource="c:\program files (x86)\arcgis\desktop10.5\ArcToolbox\Toolboxes\Data Management Tools.tbx\CalculateField" Date="20190827" Time="094315">CalculateField Decretos_Escasez_Hidrica Fraccion_COM_CUEN "[Area_km2] / [Akm2_COM]" VB #</Process><Process ToolSource="c:\program files (x86)\arcgis\desktop10.5\ArcToolbox\Toolboxes\Data Management Tools.tbx\CalculateField" Date="20190827" Time="094442">CalculateField Decretos_Escasez_Hidrica Fraccion_COM_CUEN "[Area_km2] / [Akm2_COM]" VB #</Process><Process ToolSource="c:\program files (x86)\arcgis\desktop10.5\ArcToolbox\Toolboxes\Data Management Tools.tbx\CalculateField" Date="20190827" Time="094533">CalculateField Decretos_Escasez_Hidrica Fraccion_COM_CUEN "[Area_km2] / [Akm2_COM]" VB #</Process><Process ToolSource="c:\program files (x86)\arcgis\desktop10.5\ArcToolbox\Toolboxes\Data Management Tools.tbx\CalculateField" Date="20190827" Time="094848">CalculateField Decretos_Escasez_Hidrica Fraccion_COM_CUEN "[Area_km2] / [Akm2_COM]" VB #</Process><Process ToolSource="c:\program files (x86)\arcgis\desktop10.5\ArcToolbox\Toolboxes\Data Management Tools.tbx\CalculateField" Date="20190827" Time="095154">CalculateField Decretos_Escasez_Hidrica Fraccion_COM_CUEN "[Area_km2] / [Akm2_COM]" VB #</Process><Process ToolSource="c:\program files (x86)\arcgis\desktop10.5\ArcToolbox\Toolboxes\Data Management Tools.tbx\CalculateField" Date="20190827" Time="095451">CalculateField Decretos_Escasez_Hidrica Fraccion_COM_CUEN "[Area_km2] / [Akm2_COM]" VB #</Process><Process ToolSource="c:\program files (x86)\arcgis\desktop10.5\ArcToolbox\Toolboxes\Data Management Tools.tbx\CalculateField" Date="20190827" Time="095737">CalculateField Decretos_Escasez_Hidrica Fraccion_COM_CUEN "[Area_km2] / [Akm2_COM]" VB #</Process><Process ToolSource="c:\program files (x86)\arcgis\desktop10.5\ArcToolbox\Toolboxes\Data Management Tools.tbx\CalculateField" Date="20190827" Time="095938">CalculateField Decretos_Escasez_Hidrica Fraccion_COM_CUEN "[Area_km2] / [Akm2_COM]" VB #</Process><Process ToolSource="c:\program files (x86)\arcgis\desktop10.5\ArcToolbox\Toolboxes\Data Management Tools.tbx\CalculateField" Date="20190827" Time="100049">CalculateField Decretos_Escasez_Hidrica Fraccion_COM_CUEN "[Area_km2] / [Akm2_COM]" VB #</Process><Process ToolSource="c:\program files (x86)\arcgis\desktop10.5\ArcToolbox\Toolboxes\Data Management Tools.tbx\CalculateField" Date="20190827" Time="100543">CalculateField Decretos_Escasez_Hidrica Fraccion_COM_CUEN "[Area_km2] / [Akm2_COM]" VB #</Process><Process ToolSource="c:\program files (x86)\arcgis\desktop10.5\ArcToolbox\Toolboxes\Data Management Tools.tbx\CalculateField" Date="20190827" Time="100750">CalculateField Decretos_Escasez_Hidrica Fraccion_COM_CUEN "[Area_km2] / [Akm2_COM]" VB #</Process><Process ToolSource="c:\program files (x86)\arcgis\desktop10.5\ArcToolbox\Toolboxes\Data Management Tools.tbx\CalculateField" Date="20190827" Time="101229">CalculateField Decretos_Escasez_Hidrica Fraccion_COM_CUEN "[Area_km2] / [Akm2_COM]" VB #</Process><Process ToolSource="c:\program files (x86)\arcgis\desktop10.5\ArcToolbox\Toolboxes\Data Management Tools.tbx\CalculateField" Date="20190827" Time="101416">CalculateField Decretos_Escasez_Hidrica Fraccion_COM_CUEN "[Area_km2] / [Akm2_COM]" VB #</Process><Process ToolSource="c:\program files (x86)\arcgis\desktop10.5\ArcToolbox\Toolboxes\Data Management Tools.tbx\CalculateField" Date="20190827" Time="101606">CalculateField Decretos_Escasez_Hidrica Fraccion_COM_CUEN "[Area_km2] / [Akm2_COM]" VB #</Process><Process ToolSource="c:\program files (x86)\arcgis\desktop10.5\ArcToolbox\Toolboxes\Data Management Tools.tbx\CalculateField" Date="20190827" Time="101720">CalculateField Decretos_Escasez_Hidrica Fraccion_COM_CUEN "[Area_km2] / [Akm2_COM]" VB #</Process><Process ToolSource="c:\program files (x86)\arcgis\desktop10.5\ArcToolbox\Toolboxes\Data Management Tools.tbx\CalculateField" Date="20190827" Time="101918">CalculateField Decretos_Escasez_Hidrica Fraccion_COM_CUEN "[Area_km2] / [Akm2_COM]" VB #</Process><Process ToolSource="c:\program files (x86)\arcgis\desktop10.5\ArcToolbox\Toolboxes\Data Management Tools.tbx\CalculateField" Date="20190827" Time="102120">CalculateField Decretos_Escasez_Hidrica Fraccion_COM_CUEN "[Area_km2] / [Akm2_COM]" VB #</Process><Process ToolSource="c:\program files (x86)\arcgis\desktop10.5\ArcToolbox\Toolboxes\Data Management Tools.tbx\CalculateField" Date="20190827" Time="102235">CalculateField Decretos_Escasez_Hidrica Fraccion_COM_CUEN "[Area_km2] / [Akm2_COM]" VB #</Process><Process ToolSource="c:\program files (x86)\arcgis\desktop10.5\ArcToolbox\Toolboxes\Data Management Tools.tbx\CalculateField" Date="20190827" Time="102457">CalculateField Decretos_Escasez_Hidrica Fraccion_COM_CUEN "[Area_km2] / [Akm2_COM]" VB #</Process><Process ToolSource="c:\program files (x86)\arcgis\desktop10.5\ArcToolbox\Toolboxes\Data Management Tools.tbx\CalculateField" Date="20190827" Time="102803">CalculateField Decretos_Escasez_Hidrica Fraccion_COM_CUEN "[Area_km2] / [Akm2_COM]" VB #</Process><Process ToolSource="c:\program files (x86)\arcgis\desktop10.5\ArcToolbox\Toolboxes\Data Management Tools.tbx\CalculateField" Date="20190827" Time="102902">CalculateField Decretos_Escasez_Hidrica Fraccion_COM_CUEN "[Area_km2] / [Akm2_COM]" VB #</Process><Process ToolSource="c:\program files (x86)\arcgis\desktop10.5\ArcToolbox\Toolboxes\Data Management Tools.tbx\CalculateField" Date="20190827" Time="103031">CalculateField Decretos_Escasez_Hidrica Fraccion_COM_CUEN "[Area_km2] / [Akm2_COM]" VB #</Process><Process ToolSource="c:\program files (x86)\arcgis\desktop10.5\ArcToolbox\Toolboxes\Data Management Tools.tbx\CalculateField" Date="20190827" Time="103542">CalculateField Decretos_Escasez_Hidrica Fraccion_COM_CUEN "[Area_km2] / [Akm2_COM]" VB #</Process><Process ToolSource="c:\program files (x86)\arcgis\desktop10.5\ArcToolbox\Toolboxes\Data Management Tools.tbx\CalculateField" Date="20190827" Time="104054">CalculateField Decretos_Escasez_Hidrica Fraccion_COM_CUEN "[Area_km2] / [Akm2_COM]" VB #</Process><Process ToolSource="c:\program files (x86)\arcgis\desktop10.5\ArcToolbox\Toolboxes\Data Management Tools.tbx\CalculateField" Date="20190827" Time="105049">CalculateField Decretos_Escasez_Hidrica Fraccion_COM_CUEN "[Area_km2] / [Akm2_COM]" VB #</Process><Process ToolSource="c:\program files (x86)\arcgis\desktop10.5\ArcToolbox\Toolboxes\Data Management Tools.tbx\CalculateField" Date="20190827" Time="105335">CalculateField Decretos_Escasez_Hidrica Fraccion_COM_CUEN "[Area_km2] / [Akm2_COM]" VB #</Process><Process ToolSource="c:\program files (x86)\arcgis\desktop10.5\ArcToolbox\Toolboxes\Data Management Tools.tbx\CalculateField" Date="20190827" Time="105445">CalculateField Decretos_Escasez_Hidrica Fraccion_COM_CUEN "[Area_km2] / [Akm2_COM]" VB #</Process><Process ToolSource="c:\program files (x86)\arcgis\desktop10.5\ArcToolbox\Toolboxes\Data Management Tools.tbx\CalculateField" Date="20190827" Time="105530">CalculateField Decretos_Escasez_Hidrica Fraccion_COM_CUEN "[Area_km2] / [Akm2_COM]" VB #</Process><Process ToolSource="c:\program files (x86)\arcgis\desktop10.5\ArcToolbox\Toolboxes\Data Management Tools.tbx\CalculateField" Date="20190827" Time="105553">CalculateField Decretos_Escasez_Hidrica Fraccion_COM_CUEN "[Area_km2] / [Akm2_COM]" VB #</Process><Process ToolSource="c:\program files (x86)\arcgis\desktop10.5\ArcToolbox\Toolboxes\Data Management Tools.tbx\CalculateField" Date="20190827" Time="105640">CalculateField Decretos_Escasez_Hidrica Fraccion_COM_CUEN "[Area_km2] / [Akm2_COM]" VB #</Process><Process ToolSource="c:\program files (x86)\arcgis\desktop10.5\ArcToolbox\Toolboxes\Data Management Tools.tbx\CalculateField" Date="20190827" Time="105832">CalculateField Decretos_Escasez_Hidrica Fraccion_COM_CUEN "[Area_km2] / [Akm2_COM]" VB #</Process><Process ToolSource="c:\program files (x86)\arcgis\desktop10.5\ArcToolbox\Toolboxes\Data Management Tools.tbx\CalculateField" Date="20190827" Time="105922">CalculateField Decretos_Escasez_Hidrica Fraccion_COM_CUEN "[Area_km2] / [Akm2_COM]" VB #</Process><Process ToolSource="c:\program files (x86)\arcgis\desktop10.5\ArcToolbox\Toolboxes\Data Management Tools.tbx\CalculateField" Date="20190827" Time="110034">CalculateField Decretos_Escasez_Hidrica Fraccion_COM_CUEN "[Area_km2] / [Akm2_COM]" VB #</Process><Process ToolSource="c:\program files (x86)\arcgis\desktop10.5\ArcToolbox\Toolboxes\Data Management Tools.tbx\CalculateField" Date="20190827" Time="110156">CalculateField Decretos_Escasez_Hidrica Fraccion_COM_CUEN "[Area_km2] / [Akm2_COM]" VB #</Process><Process ToolSource="c:\program files (x86)\arcgis\desktop10.5\ArcToolbox\Toolboxes\Data Management Tools.tbx\CalculateField" Date="20190827" Time="110245">CalculateField Decretos_Escasez_Hidrica Fraccion_COM_CUEN "[Area_km2] / [Akm2_COM]" VB #</Process><Process ToolSource="c:\program files (x86)\arcgis\desktop10.5\ArcToolbox\Toolboxes\Data Management Tools.tbx\CalculateField" Date="20190827" Time="110459">CalculateField Decretos_Escasez_Hidrica Fraccion_COM_CUEN "[Area_km2] / [Akm2_COM]" VB #</Process><Process ToolSource="c:\program files (x86)\arcgis\desktop10.5\ArcToolbox\Toolboxes\Data Management Tools.tbx\CalculateField" Date="20190827" Time="110636">CalculateField Decretos_Escasez_Hidrica Fraccion_COM_CUEN "[Area_km2] / [Akm2_COM]" VB #</Process><Process ToolSource="c:\program files (x86)\arcgis\desktop10.5\ArcToolbox\Toolboxes\Data Management Tools.tbx\CalculateField" Date="20190827" Time="110733">CalculateField Decretos_Escasez_Hidrica Fraccion_COM_CUEN "[Area_km2] / [Akm2_COM]" VB #</Process><Process ToolSource="c:\program files (x86)\arcgis\desktop10.5\ArcToolbox\Toolboxes\Data Management Tools.tbx\CalculateField" Date="20190827" Time="110945">CalculateField Decretos_Escasez_Hidrica Fraccion_COM_CUEN "[Area_km2] / [Akm2_COM]" VB #</Process><Process ToolSource="c:\program files (x86)\arcgis\desktop10.5\ArcToolbox\Toolboxes\Data Management Tools.tbx\CalculateField" Date="20190827" Time="111228">CalculateField Decretos_Escasez_Hidrica Fraccion_COM_CUEN "[Area_km2] / [Akm2_COM]" VB #</Process><Process ToolSource="c:\program files (x86)\arcgis\desktop10.5\ArcToolbox\Toolboxes\Data Management Tools.tbx\CalculateField" Date="20190827" Time="111352">CalculateField Decretos_Escasez_Hidrica Fraccion_COM_CUEN "[Area_km2] / [Akm2_COM]" VB #</Process><Process ToolSource="c:\program files (x86)\arcgis\desktop10.5\ArcToolbox\Toolboxes\Data Management Tools.tbx\CalculateField" Date="20190827" Time="111540">CalculateField Decretos_Escasez_Hidrica Fraccion_COM_CUEN "[Area_km2] / [Akm2_COM]" VB #</Process><Process ToolSource="c:\program files (x86)\arcgis\desktop10.5\ArcToolbox\Toolboxes\Data Management Tools.tbx\CalculateField" Date="20190827" Time="111811">CalculateField Decretos_Escasez_Hidrica Fraccion_COM_CUEN "[Area_km2] / [Akm2_COM]" VB #</Process><Process ToolSource="c:\program files (x86)\arcgis\desktop10.5\ArcToolbox\Toolboxes\Data Management Tools.tbx\CalculateField" Date="20190827" Time="111923">CalculateField Decretos_Escasez_Hidrica Fraccion_COM_CUEN "[Area_km2] / [Akm2_COM]" VB #</Process><Process ToolSource="c:\program files (x86)\arcgis\desktop10.5\ArcToolbox\Toolboxes\Data Management Tools.tbx\CalculateField" Date="20190827" Time="112132">CalculateField Decretos_Escasez_Hidrica Fraccion_COM_CUEN "[Area_km2] / [Akm2_COM]" VB #</Process><Process ToolSource="c:\program files (x86)\arcgis\desktop10.5\ArcToolbox\Toolboxes\Data Management Tools.tbx\CalculateField" Date="20190903" Time="131136">CalculateField Decretos_Escasez_Hidrica Añodecreto 2019 VB #</Process><Process ToolSource="c:\program files (x86)\arcgis\desktop10.5\ArcToolbox\Toolboxes\Data Management Tools.tbx\CalculateField" Date="20190910" Time="093735">CalculateField Decretos_Escasez_Hidrica F_caducida "26-02-2019" VB #</Process><Process ToolSource="c:\program files (x86)\arcgis\desktop10.5\ArcToolbox\Toolboxes\Data Management Tools.tbx\CalculateField" Date="20191003" Time="192313">CalculateField Decretos_Escasez_Hidrica Num_mapa 14 VB #</Process><Process ToolSource="c:\program files (x86)\arcgis\desktop10.5\ArcToolbox\Toolboxes\Data Management Tools.tbx\CalculateField" Date="20191017" Time="120239">CalculateField Decretos_Escasez_Hidrica F_caducida "14-10-2019" VB #</Process><Process ToolSource="c:\program files (x86)\arcgis\desktop10.5\ArcToolbox\Toolboxes\Data Management Tools.tbx\CalculateField" Date="20191017" Time="120356">CalculateField Decretos_Escasez_Hidrica F_caducida "01-01-2019" VB #</Process><Process ToolSource="c:\program files (x86)\arcgis\desktop10.5\ArcToolbox\Toolboxes\Data Management Tools.tbx\CalculateField" Date="20191017" Time="120438">CalculateField Decretos_Escasez_Hidrica Decreto_N 124 VB #</Process><Process ToolSource="c:\program files (x86)\arcgis\desktop10.5\ArcToolbox\Toolboxes\Data Management Tools.tbx\CalculateField" Date="20191017" Time="120454">CalculateField Decretos_Escasez_Hidrica F_decreto "17-10-2019" VB #</Process><Process ToolSource="c:\program files (x86)\arcgis\desktop10.5\ArcToolbox\Toolboxes\Data Management Tools.tbx\CalculateField" Date="20191017" Time="120516">CalculateField Decretos_Escasez_Hidrica F_caducida "17-04-2020" VB #</Process><Process ToolSource="c:\program files (x86)\arcgis\desktop10.5\ArcToolbox\Toolboxes\Data Management Tools.tbx\CalculateField" Date="20191017" Time="120537">CalculateField Decretos_Escasez_Hidrica Num_mapa 15 VB #</Process><Process ToolSource="c:\program files (x86)\arcgis\desktop10.5\ArcToolbox\Toolboxes\Data Management Tools.tbx\CalculateField" Date="20191017" Time="123034">CalculateField Decretos_Escasez_Hidrica F_decreto "17-10-2019" VB #</Process><Process ToolSource="c:\program files (x86)\arcgis\desktop10.5\ArcToolbox\Toolboxes\Data Management Tools.tbx\CalculateField" Date="20191017" Time="123109">CalculateField Decretos_Escasez_Hidrica F_caducida "17-04-2020" VB #</Process><Process ToolSource="c:\program files (x86)\arcgis\desktop10.5\ArcToolbox\Toolboxes\Data Management Tools.tbx\CalculateField" Date="20191017" Time="124338">CalculateField Decretos_Escasez_Hidrica Num_mapa 16 VB #</Process><Process ToolSource="c:\program files (x86)\arcgis\desktop10.5\ArcToolbox\Toolboxes\Data Management Tools.tbx\CalculateField" Date="20191017" Time="130324">CalculateField Decretos_Escasez_Hidrica Territorio "Región En Tramite" VB #</Process><Process ToolSource="c:\program files (x86)\arcgis\desktop10.5\ArcToolbox\Toolboxes\Data Management Tools.tbx\CalculateField" Date="20191017" Time="131904">CalculateField Decretos_Escasez_Hidrica Num_mapa " " VB #</Process><Process ToolSource="c:\program files (x86)\arcgis\desktop10.5\ArcToolbox\Toolboxes\Data Management Tools.tbx\CalculateField" Date="20200103" Time="193434">CalculateField Decretos_Escasez_Hidrica Territorio "Comuna" VB #</Process><Process ToolSource="c:\program files (x86)\arcgis\desktop10.5\ArcToolbox\Toolboxes\Data Management Tools.tbx\CalculateField" Date="20200224" Time="182944">CalculateField Decretos_Escasez_Hidrica N_COM_EN_PROV 7 VB #</Process><Process ToolSource="c:\program files (x86)\arcgis\desktop10.5\ArcToolbox\Toolboxes\Data Management Tools.tbx\CalculateField" Date="20200410" Time="161149">CalculateField Decretos_Escasez_Hidrica NOM_COM [Nom_territ] VB #</Process><Process ToolSource="c:\program files (x86)\arcgis\desktop10.5\ArcToolbox\Toolboxes\Data Management Tools.tbx\CalculateField" Date="20200410" Time="162125">CalculateField Decretos_Escasez_Hidrica NOM_PROV [Nom_territ] VB #</Process><Process ToolSource="c:\program files (x86)\arcgis\desktop10.5\ArcToolbox\Toolboxes\Data Management Tools.tbx\CalculateField" Date="20200410" Time="162201">CalculateField Decretos_Escasez_Hidrica COD_COM 0 VB #</Process><Process ToolSource="c:\program files (x86)\arcgis\desktop10.5\ArcToolbox\Toolboxes\Data Management Tools.tbx\CalculateField" Date="20200410" Time="162212">CalculateField Decretos_Escasez_Hidrica CINE_COM 0 VB #</Process><Process ToolSource="c:\program files (x86)\arcgis\desktop10.5\ArcToolbox\Toolboxes\Data Management Tools.tbx\CalculateField" Date="20200410" Time="162225">CalculateField Decretos_Escasez_Hidrica NOM_COM " " VB #</Process><Process ToolSource="c:\program files (x86)\arcgis\desktop10.5\ArcToolbox\Toolboxes\Data Management Tools.tbx\CalculateField" Date="20200410" Time="162235">CalculateField Decretos_Escasez_Hidrica Nom_Cuen " " VB #</Process><Process ToolSource="c:\program files (x86)\arcgis\desktop10.5\ArcToolbox\Toolboxes\Data Management Tools.tbx\CalculateField" Date="20200410" Time="162833">CalculateField Decretos_Escasez_Hidrica CINE_PROV " " VB #</Process><Process ToolSource="c:\program files (x86)\arcgis\desktop10.5\ArcToolbox\Toolboxes\Data Management Tools.tbx\CalculateField" Date="20200410" Time="162846">CalculateField Decretos_Escasez_Hidrica COD_COM " " VB #</Process><Process ToolSource="c:\program files (x86)\arcgis\desktop10.5\ArcToolbox\Toolboxes\Data Management Tools.tbx\CalculateField" Date="20200410" Time="162854">CalculateField Decretos_Escasez_Hidrica CINE_COM " " VB #</Process><Process ToolSource="c:\program files (x86)\arcgis\desktop10.5\ArcToolbox\Toolboxes\Data Management Tools.tbx\CalculateField" Date="20200410" Time="162900">CalculateField Decretos_Escasez_Hidrica NOM_COM " " VB #</Process><Process ToolSource="c:\program files (x86)\arcgis\desktop10.5\ArcToolbox\Toolboxes\Data Management Tools.tbx\CalculateField" Date="20200410" Time="162907">CalculateField Decretos_Escasez_Hidrica NOM_PROV " " VB #</Process><Process ToolSource="c:\program files (x86)\arcgis\desktop10.5\ArcToolbox\Toolboxes\Data Management Tools.tbx\CalculateField" Date="20200410" Time="162922">CalculateField Decretos_Escasez_Hidrica Nom_Cuen " " VB #</Process><Process ToolSource="c:\program files (x86)\arcgis\desktop10.5\ArcToolbox\Toolboxes\Data Management Tools.tbx\CalculateField" Date="20200410" Time="163040">CalculateField Decretos_Escasez_Hidrica NOM_PROV " " VB #</Process><Process ToolSource="c:\program files (x86)\arcgis\desktop10.5\ArcToolbox\Toolboxes\Data Management Tools.tbx\CalculateField" Date="20200410" Time="163337">CalculateField Decretos_Escasez_Hidrica NOM_COM " " VB #</Process><Process ToolSource="c:\program files (x86)\arcgis\desktop10.5\ArcToolbox\Toolboxes\Data Management Tools.tbx\CalculateField" Date="20200410" Time="163344">CalculateField Decretos_Escasez_Hidrica CINE_COM " " VB #</Process><Process ToolSource="c:\program files (x86)\arcgis\desktop10.5\ArcToolbox\Toolboxes\Data Management Tools.tbx\CalculateField" Date="20200410" Time="163350">CalculateField Decretos_Escasez_Hidrica CINE_PROV " " VB #</Process><Process ToolSource="c:\program files (x86)\arcgis\desktop10.5\ArcToolbox\Toolboxes\Data Management Tools.tbx\CalculateField" Date="20200410" Time="163434">CalculateField Decretos_Escasez_Hidrica Nom_Cuen [Nom_territ] VB #</Process></lineage><itemProps><itemName Sync="TRUE">Decretos_Escasez_Hidrica</itemName><imsContentType Sync="TRUE">002</imsContentType><itemLocation><linkage Sync="TRUE">file://\\DGA-DEP-GTAPIA\D\MAPOTECAS\DGA.gdb</linkage><protocol Sync="TRUE">Local Area Network</protocol></itemLocation><itemSize Sync="TRUE">0.000</itemSize></itemProps><coordRef><type Sync="TRUE">Projected</type><geogcsn Sync="TRUE">GCS_WGS_1984</geogcsn><csUnits Sync="TRUE">Linear Unit: Meter (1.000000)</csUnits><projcsn Sync="TRUE">WGS_1984_UTM_Zone_19S</projcsn><peXml Sync="TRUE">&lt;ProjectedCoordinateSystem xsi:type='typens:ProjectedCoordinateSystem' xmlns:xsi='http://www.w3.org/2001/XMLSchema-instance' xmlns:xs='http://www.w3.org/2001/XMLSchema' xmlns:typens='http://www.esri.com/schemas/ArcGIS/10.0'&gt;&lt;WKT&gt;PROJCS[&amp;quot;WGS_1984_UTM_Zone_19S&amp;quot;,GEOGCS[&amp;quot;GCS_WGS_1984&amp;quot;,DATUM[&amp;quot;D_WGS_1984&amp;quot;,SPHEROID[&amp;quot;WGS_1984&amp;quot;,6378137.0,298.257223563]],PRIMEM[&amp;quot;Greenwich&amp;quot;,0.0],UNIT[&amp;quot;Degree&amp;quot;,0.0174532925199433]],PROJECTION[&amp;quot;Transverse_Mercator&amp;quot;],PARAMETER[&amp;quot;False_Easting&amp;quot;,500000.0],PARAMETER[&amp;quot;False_Northing&amp;quot;,10000000.0],PARAMETER[&amp;quot;Central_Meridian&amp;quot;,-69.0],PARAMETER[&amp;quot;Scale_Factor&amp;quot;,0.9996],PARAMETER[&amp;quot;Latitude_Of_Origin&amp;quot;,0.0],UNIT[&amp;quot;Meter&amp;quot;,1.0],AUTHORITY[&amp;quot;EPSG&amp;quot;,32719]]&lt;/WKT&gt;&lt;XOrigin&gt;-5120900&lt;/XOrigin&gt;&lt;YOrigin&gt;1900&lt;/YOrigin&gt;&lt;XYScale&gt;10000&lt;/XYScale&gt;&lt;ZOrigin&gt;-100000&lt;/ZOrigin&gt;&lt;ZScale&gt;10000&lt;/ZScale&gt;&lt;MOrigin&gt;-100000&lt;/MOrigin&gt;&lt;MScale&gt;10000&lt;/MScale&gt;&lt;XYTolerance&gt;0.001&lt;/XYTolerance&gt;&lt;ZTolerance&gt;0.001&lt;/ZTolerance&gt;&lt;MTolerance&gt;0.001&lt;/MTolerance&gt;&lt;HighPrecision&gt;true&lt;/HighPrecision&gt;&lt;WKID&gt;32719&lt;/WKID&gt;&lt;/ProjectedCoordinateSystem&gt;</peXml></coordRef></DataProperties><ArcGISFormat>1.0</ArcGISFormat></Esri><idinfo><native Sync="TRUE">Microsoft Windows XP Version 5.1 (Build 2600) Service Pack 3; ESRI ArcCatalog 9.2.2.1350</native><descript><langdata Sync="TRUE">es</langdata><abstract>REQUIRED: A brief narrative summary of the data set.</abstract><purpose>REQUIRED: A summary of the intentions with which the data set was developed.</purpose></descript><citation><citeinfo><origin>REQUIRED: The name of an organization or individual that developed the data set.</origin><pubdate>REQUIRED: The date when the data set is published or otherwise made available for release.</pubdate><title Sync="TRUE">subcuencas</title><ftname Sync="TRUE">subcuencas</ftname><geoform Sync="TRUE">vector digital data</geoform><onlink Sync="TRUE">\\DGA-DEP-SIG2\D$\MAPOTECAS\2010\DGA\DGA.gdb</onlink></citeinfo></citation><timeperd><current>REQUIRED: The basis on which the time period of content information is determined.</current><timeinfo><sngdate><caldate>REQUIRED: The year (and optionally month, or month and day) for which the data set corresponds to the ground.</caldate></sngdate></timeinfo></timeperd><status><progress>REQUIRED: The state of the data set.</progress><update>REQUIRED: The frequency with which changes and additions are made to the data set after the initial data set is completed.</update></status><spdom><bounding><westbc Sync="TRUE">REQUIRED: Western-most coordinate of the limit of coverage expressed in longitude.</westbc><eastbc Sync="TRUE">REQUIRED: Eastern-most coordinate of the limit of coverage expressed in longitude.</eastbc><northbc Sync="TRUE">REQUIRED: Northern-most coordinate of the limit of coverage expressed in latitude.</northbc><southbc Sync="TRUE">REQUIRED: Southern-most coordinate of the limit of coverage expressed in latitude.</southbc></bounding><lboundng><leftbc Sync="TRUE">-10328.746670</leftbc><rightbc Sync="TRUE">704806.350414</rightbc><bottombc Sync="TRUE">3733340.057974</bottombc><topbc Sync="TRUE">8065244.184458</topbc></lboundng></spdom><keywords><theme><themekt>REQUIRED: Reference to a formally registered thesaurus or a similar authoritative source of theme keywords.</themekt><themekey>REQUIRED: Common-use word or phrase used to describe the subject of the data set.</themekey></theme></keywords><accconst>REQUIRED: Restrictions and legal prerequisites for accessing the data set.</accconst><useconst>REQUIRED: Restrictions and legal prerequisites for using the data set after access is granted.</useconst><natvform Sync="TRUE">File Geodatabase Feature Class</natvform></idinfo><dataIdInfo><envirDesc Sync="TRUE">Microsoft Windows 7 Version 6.1 (Build 7601) Service Pack 1; ESRI ArcGIS 10.0.3.3600</envirDesc><dataLang><languageCode Sync="TRUE" value="spa"></languageCode><countryCode value="CHL" Sync="TRUE"></countryCode></dataLang><idCitation><resTitle Sync="TRUE">Decretos_Escasez_Hidrica</resTitle><presForm><PresFormCd Sync="TRUE" value="005"></PresFormCd></presForm></idCitation><spatRpType><SpatRepTypCd Sync="TRUE" value="001"></SpatRepTypCd></spatRpType><dataExt><geoEle><GeoBndBox esriExtentType="native"><westBL Sync="TRUE">-10328.74667</westBL><eastBL Sync="TRUE">704806.350414</eastBL><northBL Sync="TRUE">8065244.184458</northBL><southBL Sync="TRUE">3733340.057974</southBL><exTypeCode Sync="TRUE">1</exTypeCode></GeoBndBox></geoEle></dataExt></dataIdInfo><metainfo><langmeta Sync="TRUE">es</langmeta><metstdn Sync="TRUE">FGDC Content Standards for Digital Geospatial Metadata</metstdn><metstdv Sync="TRUE">FGDC-STD-001-1998</metstdv><mettc Sync="TRUE">local time</mettc><metc><cntinfo><cntorgp><cntper>REQUIRED: The person responsible for the metadata information.</cntper><cntorg>REQUIRED: The organization responsible for the metadata information.</cntorg></cntorgp><cntaddr><addrtype>REQUIRED: The mailing and/or physical address for the organization or individual.</addrtype><city>REQUIRED: The city of the address.</city><state>REQUIRED: The state or province of the address.</state><postal>REQUIRED: The ZIP or other postal code of the address.</postal></cntaddr><cntvoice>REQUIRED: The telephone number by which individuals can speak to the organization or individual.</cntvoice></cntinfo></metc><metd Sync="TRUE">20090317</metd></metainfo><mdLang><languageCode Sync="TRUE" value="spa"></languageCode><countryCode value="CHL" Sync="TRUE"></countryCode></mdLang><mdStanName Sync="TRUE">ISO 19115 Geographic Information - Metadata</mdStanName><mdStanVer Sync="TRUE">DIS_ESRI1.0</mdStanVer><mdChar><CharSetCd Sync="TRUE" value="004"></CharSetCd></mdChar><mdHrLv><ScopeCd Sync="TRUE" value="005"></ScopeCd></mdHrLv><mdHrLvName Sync="TRUE">dataset</mdHrLvName><distinfo><resdesc Sync="TRUE">Downloadable Data</resdesc><stdorder><digform><digtinfo><transize Sync="TRUE">4,886</transize><dssize Sync="TRUE">4,886</dssize></digtinfo></digform></stdorder></distinfo><distInfo><distributor><distorTran><onLineSrc><orDesc Sync="TRUE">002</orDesc><linkage Sync="TRUE">file://\\DGA-DEP-SIG2\D$\MAPOTECAS\2010\DGA\DGA.gdb</linkage><protocol Sync="TRUE">Local Area Network</protocol></onLineSrc><transSize Sync="TRUE">4,886</transSize></distorTran><distorFormat><formatName Sync="TRUE">File Geodatabase Feature Class</formatName></distorFormat></distributor><distFormat><formatName Sync="TRUE">File Geodatabase Feature Class</formatName></distFormat><distTranOps><transSize Sync="TRUE">0.000</transSize></distTranOps></distInfo><spdoinfo><direct Sync="TRUE">Vector</direct><ptvctinf><esriterm><efeatyp Sync="TRUE">Simple</efeatyp><efeageom code="4" Sync="TRUE"></efeageom><esritopo Sync="TRUE">FALSE</esritopo><efeacnt Sync="TRUE">0</efeacnt><spindex Sync="TRUE">TRUE</spindex><linrefer Sync="TRUE">FALSE</linrefer></esriterm></ptvctinf></spdoinfo><spatRepInfo><VectSpatRep><geometObjs Name="Decretos_Escasez_Hidrica"><geoObjTyp><GeoObjTypCd value="002" Sync="TRUE"></GeoObjTypCd></geoObjTyp><geoObjCnt Sync="TRUE">0</geoObjCnt></geometObjs><topLvl><TopoLevCd value="001" Sync="TRUE"></TopoLevCd></topLvl></VectSpatRep></spatRepInfo><eainfo><detailed Name="Decretos_Escasez_Hidrica"><enttyp><enttypl Sync="TRUE">Decretos_Escasez_Hidrica</enttypl><enttypt Sync="TRUE">Feature Class</enttypt><enttypc Sync="TRUE">0</enttypc></enttyp><attr><attrlabl Sync="TRUE">OBJECTID</attrlabl><attalias Sync="TRUE">OBJECTID</attalias><attrtype Sync="TRUE">OID</attrtype><attwidth Sync="TRUE">4</attwidth><atprecis Sync="TRUE">0</atprecis><attscale Sync="TRUE">0</attscale><attrdef Sync="TRUE">Internal feature number.</attrdef><attrdefs Sync="TRUE">ESRI</attrdefs><attrdomv><udom Sync="TRUE">Sequential unique whole numbers that are automatically generated.</udom></attrdomv></attr><attr><attrlabl Sync="TRUE">Shape</attrlabl><attalias Sync="TRUE">Shape</attalias><attrtype Sync="TRUE">Geometry</attrtype><attwidth Sync="TRUE">0</attwidth><atprecis Sync="TRUE">0</atprecis><attscale Sync="TRUE">0</attscale><attrdef Sync="TRUE">Feature geometry.</attrdef><attrdefs Sync="TRUE">ESRI</attrdefs><attrdomv><udom Sync="TRUE">Coordinates defining the features.</udom></attrdomv></attr><attr><attrlabl Sync="TRUE">Area_Km2</attrlabl><attalias Sync="TRUE">Area_km2</attalias><attrtype Sync="TRUE">Double</attrtype><attwidth Sync="TRUE">8</attwidth><atprecis Sync="TRUE">0</atprecis><attscale Sync="TRUE">0</attscale></attr><attr><attrlabl Sync="TRUE">CINE_PROV</attrlabl><attalias Sync="TRUE">CINE_PROV</attalias><attrtype Sync="TRUE">String</attrtype><attwidth Sync="TRUE">10</attwidth><atprecis Sync="TRUE">0</atprecis><attscale Sync="TRUE">0</attscale></attr><attr><attrlabl Sync="TRUE">COD_COM</attrlabl><attalias Sync="TRUE">COD_COM</attalias><attrtype Sync="TRUE">Double</attrtype><attwidth Sync="TRUE">8</attwidth><atprecis Sync="TRUE">0</atprecis><attscale Sync="TRUE">0</attscale></attr><attr><attrlabl Sync="TRUE">CINE_COM</attrlabl><attalias Sync="TRUE">CINE_COM</attalias><attrtype Sync="TRUE">String</attrtype><attwidth Sync="TRUE">10</attwidth><atprecis Sync="TRUE">0</atprecis><attscale Sync="TRUE">0</attscale></attr><attr><attrlabl Sync="TRUE">NOM_COM</attrlabl><attalias Sync="TRUE">NOM_COM</attalias><attrtype Sync="TRUE">String</attrtype><attwidth Sync="TRUE">50</attwidth><atprecis Sync="TRUE">0</atprecis><attscale Sync="TRUE">0</attscale></attr><attr><attrlabl Sync="TRUE">CINE_REG</attrlabl><attalias Sync="TRUE">CINE_REG</attalias><attrtype Sync="TRUE">String</attrtype><attwidth Sync="TRUE">10</attwidth><atprecis Sync="TRUE">0</atprecis><attscale Sync="TRUE">0</attscale></attr><attr><attrlabl Sync="TRUE">Nom_Cuen</attrlabl><attalias Sync="TRUE">Nom_Cuen</attalias><attrtype Sync="TRUE">String</attrtype><attwidth Sync="TRUE">50</attwidth><atprecis Sync="TRUE">0</atprecis><attscale Sync="TRUE">0</attscale></attr><attr><attrlabl Sync="TRUE">Territorio</attrlabl><attalias Sync="TRUE">Territorio</attalias><attrtype Sync="TRUE">String</attrtype><attwidth Sync="TRUE">50</attwidth><atprecis Sync="TRUE">0</atprecis><attscale Sync="TRUE">0</attscale></attr><attr><attrlabl Sync="TRUE">Nom_territ</attrlabl><attalias Sync="TRUE">Nom_territ</attalias><attrtype Sync="TRUE">String</attrtype><attwidth Sync="TRUE">50</attwidth><atprecis Sync="TRUE">0</atprecis><attscale Sync="TRUE">0</attscale></attr><attr><attrlabl Sync="TRUE">Decreto_N</attrlabl><attalias Sync="TRUE">Decreto_N</attalias><attrtype Sync="TRUE">SmallInteger</attrtype><attwidth Sync="TRUE">2</attwidth><atprecis Sync="TRUE">0</atprecis><attscale Sync="TRUE">0</attscale></attr><attr><attrlabl Sync="TRUE">F_decreto</attrlabl><attalias Sync="TRUE">F_decreto</attalias><attrtype Sync="TRUE">Date</attrtype><attwidth Sync="TRUE">8</attwidth><atprecis Sync="TRUE">0</atprecis><attscale Sync="TRUE">0</attscale></attr><attr><attrlabl Sync="TRUE">F_caducida</attrlabl><attalias Sync="TRUE">F_caducida</attalias><attrtype Sync="TRUE">Date</attrtype><attwidth Sync="TRUE">8</attwidth><atprecis Sync="TRUE">0</atprecis><attscale Sync="TRUE">0</attscale></attr><attr><attrlabl Sync="TRUE">NOM_PROV</attrlabl><attalias Sync="TRUE">NOM_PROV</attalias><attrtype Sync="TRUE">String</attrtype><attwidth Sync="TRUE">50</attwidth><atprecis Sync="TRUE">0</atprecis><attscale Sync="TRUE">0</attscale></attr><attr><attrlabl Sync="TRUE">X</attrlabl><attalias Sync="TRUE">X</attalias><attrtype Sync="TRUE">Integer</attrtype><attwidth Sync="TRUE">4</attwidth><atprecis Sync="TRUE">0</atprecis><attscale Sync="TRUE">0</attscale></attr><attr><attrlabl Sync="TRUE">Y</attrlabl><attalias Sync="TRUE">Y</attalias><attrtype Sync="TRUE">Integer</attrtype><attwidth Sync="TRUE">4</attwidth><atprecis Sync="TRUE">0</atprecis><attscale Sync="TRUE">0</attscale></attr><attr><attrlabl Sync="TRUE">Num_mapa</attrlabl><attalias Sync="TRUE">Num_mapa</attalias><attrtype Sync="TRUE">SmallInteger</attrtype><attwidth Sync="TRUE">2</attwidth><atprecis Sync="TRUE">0</atprecis><attscale Sync="TRUE">0</attscale></attr><attr><attrlabl Sync="TRUE">Añodecreto</attrlabl><attalias Sync="TRUE">Añodecreto</attalias><attrtype Sync="TRUE">Integer</attrtype><attwidth Sync="TRUE">4</attwidth><atprecis Sync="TRUE">0</atprecis><attscale Sync="TRUE">0</attscale></attr><attr><attrlabl Sync="TRUE">FT_Decre</attrlabl><attalias Sync="TRUE">FT_Decre</attalias><attrtype Sync="TRUE">String</attrtype><attwidth Sync="TRUE">50</attwidth><atprecis Sync="TRUE">0</atprecis><attscale Sync="TRUE">0</attscale></attr><attr><attrlabl Sync="TRUE">FT_Caducid</attrlabl><attalias Sync="TRUE">FT_Caducid</attalias><attrtype Sync="TRUE">String</attrtype><attwidth Sync="TRUE">50</attwidth><atprecis Sync="TRUE">0</atprecis><attscale Sync="TRUE">0</attscale></attr><attr><attrlabl Sync="TRUE">LINK_DOC</attrlabl><attalias Sync="TRUE">LINK_DOC</attalias><attrtype Sync="TRUE">String</attrtype><attwidth Sync="TRUE">250</attwidth><atprecis Sync="TRUE">0</atprecis><attscale Sync="TRUE">0</attscale></attr><attr><attrlabl Sync="TRUE">Shape_Length</attrlabl><attalias Sync="TRUE">Shape_Length</attalias><attrtype Sync="TRUE">Double</attrtype><attwidth Sync="TRUE">8</attwidth><atprecis Sync="TRUE">0</atprecis><attscale Sync="TRUE">0</attscale><attrdef Sync="TRUE">Length of feature in internal units.</attrdef><attrdefs Sync="TRUE">ESRI</attrdefs><attrdomv><udom Sync="TRUE">Positive real numbers that are automatically generated.</udom></attrdomv></attr><attr><attrlabl Sync="TRUE">Shape_Area</attrlabl><attalias Sync="TRUE">Shape_Area</attalias><attrtype Sync="TRUE">Double</attrtype><attwidth Sync="TRUE">8</attwidth><atprecis Sync="TRUE">0</atprecis><attscale Sync="TRUE">0</attscale><attrdef Sync="TRUE">Area of feature in internal units squared.</attrdef><attrdefs Sync="TRUE">ESRI</attrdefs><attrdomv><udom Sync="TRUE">Positive real numbers that are automatically generated.</udom></attrdomv></attr></detailed></eainfo><mdDateSt Sync="TRUE">20140710</mdDateSt><spref><horizsys><cordsysn><geogcsn Sync="TRUE">GCS_WGS_1984</geogcsn><projcsn Sync="TRUE">WGS_1984_UTM_Zone_19S</projcsn></cordsysn><planar><planci><plance Sync="TRUE">coordinate pair</plance><plandu Sync="TRUE">meters</plandu><coordrep><absres Sync="TRUE">0.000100</absres><ordres Sync="TRUE">0.000100</ordres></coordrep></planci></planar><geodetic><horizdn Sync="TRUE">D_WGS_1984</horizdn><ellips Sync="TRUE">WGS_1984</ellips><semiaxis Sync="TRUE">6378137.000000</semiaxis><denflat Sync="TRUE">298.257224</denflat></geodetic></horizsys><vertdef><altsys><altenc Sync="TRUE">Explicit elevation coordinate included with horizontal coordinates</altenc><altres Sync="TRUE">0.000100</altres></altsys></vertdef></spref><refSysInfo><RefSystem><refSysID><identCode Sync="TRUE" value="32719">WGS_1984_UTM_Zone_19S</identCode><idCodeSpace Sync="TRUE">EPSG</idCodeSpace><idVersion Sync="TRUE">7.4.1</idVersion></refSysID></RefSystem></refSysInfo><dataqual><lineage><procstep><procdesc Sync="TRUE">Dataset copied.</procdesc><srcused Sync="TRUE">\\DGA-DEP-SIG2\D$\Mapoteca_DGA_wgs84\NUEVA GEODATABASE\DGA.gdb</srcused><date Sync="TRUE">20090416</date><time Sync="TRUE">12500500</time></procstep><procstep><procdesc Sync="TRUE">Dataset copied.</procdesc><srcused Sync="TRUE">\\DGA-DEP-SIG2\D$\MAPOTECAS\2009\Mapoteca_DGA_wgs84\NUEVA GEODATABASE\GDB_DGA.gdb</srcused><procdate Sync="TRUE">20100712</procdate><proctime Sync="TRUE">12041700</proctime></procstep></lineage></dataqual></metadata>
