<?xml version="1.0" encoding="UTF-8"?>
<metadata xml:lang="es"><Esri><CreaDate>20180808</CreaDate><CreaTime>09491000</CreaTime><SyncOnce>FALSE</SyncOnce><SyncDate>20160622</SyncDate><SyncTime>13253000</SyncTime><ModDate>20160622</ModDate><ModTime>13253000</ModTime><DataProperties><lineage><Process Name="DefineProjection_1" ToolSource="C:\Archivos de programa\ArcGIS\ArcToolbox\Toolboxes\Data Management Tools.tbx\DefineProjection" Date="20090202" Time="131254">DefineProjection D:\MAPOTECA_DGA\02_DGA\01_Cuencas\cuencas.shp PROJCS['WGS_1984_UTM_Zone_19S',GEOGCS['GCS_WGS_1984',DATUM['D_WGS_1984',SPHEROID['WGS_1984',6378137.0,298.257223563]],PRIMEM['Greenwich',0.0],UNIT['Degree',0.0174532925199433]],PROJECTION['Transverse_Mercator'],PARAMETER['False_Easting',500000.0],PARAMETER['False_Northing',10000000.0],PARAMETER['Central_Meridian',-69.0],PARAMETER['Scale_Factor',0.9996],PARAMETER['Latitude_Of_Origin',0.0],UNIT['Meter',1.0]] D:\MAPOTECA_DGA\02_DGA\01_Cuencas\cuencas.shp</Process><Process ToolSource="C:\Archivos de programa\ArcGIS\ArcToolbox\Toolboxes\Data Management Tools.tbx\CopyFeatures" Date="20090413" Time="182741">CopyFeatures "D:\Mapoteca_DGA_wgs84\NUEVA GEODATABASE\Guillermo\02_DGA\04_Restricciones_uso\Declaraciones_de_Agotamiento.shp" "D:\Mapoteca_DGA_wgs84\NUEVA GEODATABASE\DGA.gdb\Restricciones_al_uso_de_agua\Declaraciones_de_Agotamiento" # 0 0 0</Process><Process ToolSource="C:\Archivos de programa\ArcGIS\Desktop10.0\ArcToolbox\Toolboxes\Conversion Tools.tbx\FeatureClassToFeatureClass" Date="20110517" Time="130554">FeatureClassToFeatureClass D:\MAPOTECA\DGA\DGA.gdb\Restricciones_al_uso_del_agua\Declaraciones_de_Agotamiento_sep2010 D:\DGA\CIRH\WEB\Viewer_For_Flex_ARCGIS\DGA_may2011.gdb\Proteccion_y_Restricciones_Uso_Agua Declaraciones_de_Agotamiento_sep2010 # "AREAKM2 "AREAKM2" true true false 8 Double 0 0 ,First,#,D:\MAPOTECA\DGA\DGA.gdb\Restricciones_al_uso_del_agua\Declaraciones_de_Agotamiento_sep2010,AREAKM2,-1,-1;Nombre "Nombre" true true false 50 Text 0 0 ,First,#,D:\MAPOTECA\DGA\DGA.gdb\Restricciones_al_uso_del_agua\Declaraciones_de_Agotamiento_sep2010,Nombre,-1,-1;COD_CUEN "COD_CUEN" true true false 10 Text 0 0 ,First,#,D:\MAPOTECA\DGA\DGA.gdb\Restricciones_al_uso_del_agua\Declaraciones_de_Agotamiento_sep2010,COD_CUEN,-1,-1;NOM_REG "NOM_REG" true true false 50 Text 0 0 ,First,#,D:\MAPOTECA\DGA\DGA.gdb\Restricciones_al_uso_del_agua\Declaraciones_de_Agotamiento_sep2010,NOM_REG,-1,-1;REGION_NUM "REGION_NUM" true true false 2 Short 0 0 ,First,#,D:\MAPOTECA\DGA\DGA.gdb\Restricciones_al_uso_del_agua\Declaraciones_de_Agotamiento_sep2010,REGION_NUM,-1,-1;R_AGOTADO "R_AGOTADO" true true false 50 Text 0 0 ,First,#,D:\MAPOTECA\DGA\DGA.gdb\Restricciones_al_uso_del_agua\Declaraciones_de_Agotamiento_sep2010,R_AGOTADO,-1,-1;RESOL_DGA "RESOL_DGA" true true false 40 Text 0 0 ,First,#,D:\MAPOTECA\DGA\DGA.gdb\Restricciones_al_uso_del_agua\Declaraciones_de_Agotamiento_sep2010,RESOL_DGA,-1,-1;FECHA_RES "FECHA_RES" true true false 40 Text 0 0 ,First,#,D:\MAPOTECA\DGA\DGA.gdb\Restricciones_al_uso_del_agua\Declaraciones_de_Agotamiento_sep2010,FECHA_RES,-1,-1;Shape_Length "Shape_Length" false true true 8 Double 0 0 ,First,#,D:\MAPOTECA\DGA\DGA.gdb\Restricciones_al_uso_del_agua\Declaraciones_de_Agotamiento_sep2010,Shape_Length,-1,-1;Shape_Area "Shape_Area" false true true 8 Double 0 0 ,First,#,D:\MAPOTECA\DGA\DGA.gdb\Restricciones_al_uso_del_agua\Declaraciones_de_Agotamiento_sep2010,Shape_Area,-1,-1" #</Process><Process ToolSource="C:\Archivos de programa\ArcGIS\Desktop10.0\ArcToolbox\Toolboxes\Data Management Tools.tbx\CalculateField" Date="20110610" Time="125558">CalculateField Declaraciones_de_Agotamiento_sep2010 Nombre UCase( [Nombre] ) VB #</Process><Process ToolSource="C:\Archivos de programa\ArcGIS\Desktop10.0\ArcToolbox\Toolboxes\Data Management Tools.tbx\CalculateField" Date="20110610" Time="125609">CalculateField Declaraciones_de_Agotamiento_sep2010 NOM_REG UCase( [NOM_REG] ) VB #</Process><Process ToolSource="C:\Archivos de programa\ArcGIS\Desktop10.0\ArcToolbox\Toolboxes\Data Management Tools.tbx\CalculateField" Date="20110610" Time="125618">CalculateField Declaraciones_de_Agotamiento_sep2010 R_AGOTADO UCase( [R_AGOTADO] ) VB #</Process><Process ToolSource="C:\Archivos de programa\ArcGIS\Desktop10.0\ArcToolbox\Toolboxes\Data Management Tools.tbx\CalculateField" Date="20110610" Time="125628">CalculateField Declaraciones_de_Agotamiento_sep2010 RESOL_DGA UCase( [RESOL_DGA] ) VB #</Process><Process ToolSource="C:\Archivos de programa\ArcGIS\Desktop10.0\ArcToolbox\Toolboxes\Data Management Tools.tbx\CalculateField" Date="20110610" Time="125639">CalculateField Declaraciones_de_Agotamiento_sep2010 FECHA_RES UCase( [FECHA_RES] ) VB #</Process><Process ToolSource="C:\Archivos de programa\ArcGIS\Desktop10.0\ArcToolbox\Toolboxes\Data Management Tools.tbx\CalculateField" Date="20110621" Time="121354">CalculateField Declaraciones_de_Agotamiento_sep2010 TIPO "DECLARACION DE AGOTAMIENTO" VB #</Process><Process ToolSource="C:\Archivos de programa\ArcGIS\Desktop10.0\ArcToolbox\Toolboxes\Data Management Tools.tbx\CalculateField" Date="20110621" Time="121804">CalculateField Declaraciones_de_Agotamiento_sep2010 TOMA_RAZON "15-11-1999" VB #</Process><Process ToolSource="C:\Archivos de programa\ArcGIS\Desktop10.0\ArcToolbox\Toolboxes\Data Management Tools.tbx\CalculateField" Date="20110621" Time="121902">CalculateField Declaraciones_de_Agotamiento_sep2010 TOMA_RAZON "EXENTA" VB #</Process><Process ToolSource="C:\Archivos de programa\ArcGIS\Desktop10.0\ArcToolbox\Toolboxes\Data Management Tools.tbx\CalculateField" Date="20110621" Time="122031">CalculateField Declaraciones_de_Agotamiento_sep2010 TOMA_RAZON "18-11-1983" VB #</Process><Process ToolSource="C:\Archivos de programa\ArcGIS\Desktop10.0\ArcToolbox\Toolboxes\Data Management Tools.tbx\CalculateField" Date="20110621" Time="122107">CalculateField Declaraciones_de_Agotamiento_sep2010 TOMA_RAZON "EXENTA" VB #</Process><Process ToolSource="C:\Archivos de programa\ArcGIS\Desktop10.0\ArcToolbox\Toolboxes\Data Management Tools.tbx\CalculateField" Date="20110621" Time="122316">CalculateField Declaraciones_de_Agotamiento_sep2010 TOMA_RAZON "EXENTA" VB #</Process><Process ToolSource="C:\Archivos de programa\ArcGIS\Desktop10.0\ArcToolbox\Toolboxes\Data Management Tools.tbx\CalculateField" Date="20110621" Time="122451">CalculateField Declaraciones_de_Agotamiento_sep2010 TOMA_RAZON "SIN INFORMACION" VB #</Process><Process ToolSource="C:\Archivos de programa\ArcGIS\Desktop10.0\ArcToolbox\Toolboxes\Data Management Tools.tbx\CalculateField" Date="20110621" Time="122524">CalculateField Declaraciones_de_Agotamiento_sep2010 TOMA_RAZON "EXENTA" VB #</Process><Process ToolSource="C:\Archivos de programa\ArcGIS\Desktop10.0\ArcToolbox\Toolboxes\Data Management Tools.tbx\CalculateField" Date="20110621" Time="122613">CalculateField Declaraciones_de_Agotamiento_sep2010 TOMA_RAZON "04-04-1983" VB #</Process><Process ToolSource="C:\Archivos de programa\ArcGIS\Desktop10.0\ArcToolbox\Toolboxes\Data Management Tools.tbx\CalculateField" Date="20110621" Time="122646">CalculateField Declaraciones_de_Agotamiento_sep2010 TOMA_RAZON "SIN INFORMACION" VB #</Process><Process ToolSource="C:\Archivos de programa\ArcGIS\Desktop10.0\ArcToolbox\Toolboxes\Data Management Tools.tbx\CalculateField" Date="20110720" Time="163503">CalculateField Declaraciones_de_Agotamiento_sep2010 PUBLICACION "15-04-1983" VB #</Process><Process ToolSource="C:\Archivos de programa\ArcGIS\Desktop10.0\ArcToolbox\Toolboxes\Data Management Tools.tbx\CalculateField" Date="20110720" Time="173645">CalculateField Declaraciones_de_Agotamiento_sep2010 PUBLICACION "01-04-2005" VB #</Process><Process ToolSource="C:\Archivos de programa\ArcGIS\Desktop10.0\ArcToolbox\Toolboxes\Data Management Tools.tbx\CalculateField" Date="20110721" Time="095228">CalculateField Declaraciones_de_Agotamiento_sep2010 Nombre [R_AGOTADO] VB #</Process><Process ToolSource="C:\Archivos de programa\ArcGIS\Desktop10.0\ArcToolbox\Toolboxes\Data Management Tools.tbx\CalculateField" Date="20110721" Time="100728">CalculateField Declaraciones_de_Agotamiento_sep2010 PUBLICACION "14-02-2000" VB #</Process><Process ToolSource="C:\Archivos de programa\ArcGIS\Desktop10.0\ArcToolbox\Toolboxes\Data Management Tools.tbx\CalculateField" Date="20110721" Time="110307">CalculateField Declaraciones_de_Agotamiento_sep2010 PUBLICACION "15-07-1994" VB #</Process><Process ToolSource="C:\Archivos de programa\ArcGIS\Desktop10.0\ArcToolbox\Toolboxes\Data Management Tools.tbx\CalculateField" Date="20110721" Time="170551">CalculateField Declaraciones_de_Agotamiento_jul2011 TIPO "DECLARACION DE AGOTAMIENTO" VB #</Process><Process ToolSource="C:\Program Files (x86)\ArcGIS\Desktop10.0\ArcToolbox\Toolboxes\Conversion Tools.tbx\FeatureClassToFeatureClass" Date="20121031" Time="165103">FeatureClassToFeatureClass D:\MAPOTECAS_OLD\2011\DGA\Declaraciones_agotamiento\2011-07-21\Declaraciones_de_Agotamiento_jul2011.shp D:\MAPOTECAS\DGA.gdb\Restricciones_al_uso_del_agua Declaraciones_de_Agotamiento_2011_Julio # "AREAKM2 "AREAKM2" true true false 19 Double 0 0 ,First,#,D:\MAPOTECAS_OLD\2011\DGA\Declaraciones_agotamiento\2011-07-21\Declaraciones_de_Agotamiento_jul2011.shp,AREAKM2,-1,-1;Nombre "Nombre" true true false 50 Text 0 0 ,First,#,D:\MAPOTECAS_OLD\2011\DGA\Declaraciones_agotamiento\2011-07-21\Declaraciones_de_Agotamiento_jul2011.shp,Nombre,-1,-1;NOM_REG "NOM_REG" true true false 50 Text 0 0 ,First,#,D:\MAPOTECAS_OLD\2011\DGA\Declaraciones_agotamiento\2011-07-21\Declaraciones_de_Agotamiento_jul2011.shp,NOM_REG,-1,-1;RESOL_DGA "RESOL_DGA" true true false 40 Text 0 0 ,First,#,D:\MAPOTECAS_OLD\2011\DGA\Declaraciones_agotamiento\2011-07-21\Declaraciones_de_Agotamiento_jul2011.shp,RESOL_DGA,-1,-1;FECHA_RES "FECHA_RES" true true false 40 Text 0 0 ,First,#,D:\MAPOTECAS_OLD\2011\DGA\Declaraciones_agotamiento\2011-07-21\Declaraciones_de_Agotamiento_jul2011.shp,FECHA_RES,-1,-1;TIPO "TIPO" true true false 50 Text 0 0 ,First,#,D:\MAPOTECAS_OLD\2011\DGA\Declaraciones_agotamiento\2011-07-21\Declaraciones_de_Agotamiento_jul2011.shp,TIPO,-1,-1;TOMA_RAZON "TOMA_RAZON" true true false 15 Text 0 0 ,First,#,D:\MAPOTECAS_OLD\2011\DGA\Declaraciones_agotamiento\2011-07-21\Declaraciones_de_Agotamiento_jul2011.shp,TOMA_RAZON,-1,-1;PUBLICACIO "PUBLICACIO" true true false 15 Text 0 0 ,First,#,D:\MAPOTECAS_OLD\2011\DGA\Declaraciones_agotamiento\2011-07-21\Declaraciones_de_Agotamiento_jul2011.shp,PUBLICACIO,-1,-1" #</Process><Process ToolSource="C:\Program Files (x86)\ArcGIS\Desktop10.0\ArcToolbox\Toolboxes\Data Management Tools.tbx\CalculateField" Date="20130321" Time="173920">CalculateField Declaraciones_de_Agotamiento_2011_Julio Documento "http://www.dga.cl/administracionrecursoshidricos/asuperficiales/Documents/decretolaja0001.pdf" VB #</Process><Process ToolSource="C:\Program Files (x86)\ArcGIS\Desktop10.0\ArcToolbox\Toolboxes\Data Management Tools.tbx\CalculateField" Date="20130321" Time="173950">CalculateField Declaraciones_de_Agotamiento_2011_Julio Documento "http://www.dga.cl/administracionrecursoshidricos/asuperficiales/Documents/decretolaja0001.pdf" VB #</Process><Process ToolSource="C:\Program Files (x86)\ArcGIS\Desktop10.0\ArcToolbox\Toolboxes\Data Management Tools.tbx\CalculateField" Date="20130321" Time="174110">CalculateField Declaraciones_de_Agotamiento_2011_Julio Documento "http://www.dga.cl/administracionrecursoshidricos/asuperficiales/Documents/resolucion%20choapa0001.pdf" VB #</Process><Process ToolSource="C:\Program Files (x86)\ArcGIS\Desktop10.0\ArcToolbox\Toolboxes\Data Management Tools.tbx\CalculateField" Date="20130321" Time="174140">CalculateField Declaraciones_de_Agotamiento_2011_Julio Documento "http://www.dga.cl/administracionrecursoshidricos/asuperficiales/Documents/resolucionaconcagua.PDF" VB #</Process><Process ToolSource="C:\Program Files (x86)\ArcGIS\Desktop10.0\ArcToolbox\Toolboxes\Data Management Tools.tbx\CalculateField" Date="20130321" Time="174219">CalculateField Declaraciones_de_Agotamiento_2011_Julio Documento "http://www.dga.cl/administracionrecursoshidricos/asuperficiales/Documents/resolucionchimbarongo0001.pdf" VB #</Process><Process ToolSource="C:\Program Files (x86)\ArcGIS\Desktop10.0\ArcToolbox\Toolboxes\Data Management Tools.tbx\CalculateField" Date="20130321" Time="174315">CalculateField Declaraciones_de_Agotamiento_2011_Julio Documento "http://www.dga.cl/administracionrecursoshidricos/asuperficiales/Documents/resoluciondiguillin0001.pdf" VB #</Process><Process ToolSource="C:\Program Files (x86)\ArcGIS\Desktop10.0\ArcToolbox\Toolboxes\Data Management Tools.tbx\CalculateField" Date="20130321" Time="174410">CalculateField Declaraciones_de_Agotamiento_2011_Julio Documento "http://www.dga.cl/administracionrecursoshidricos/asuperficiales/Documents/resolucionelqui.PDF" VB #</Process><Process ToolSource="C:\Program Files (x86)\ArcGIS\Desktop10.0\ArcToolbox\Toolboxes\Data Management Tools.tbx\CalculateField" Date="20130321" Time="174449">CalculateField Declaraciones_de_Agotamiento_2011_Julio Documento "http://www.dga.cl/administracionrecursoshidricos/asuperficiales/Documents/resoluciongrandeylimari.PDF" VB #</Process><Process ToolSource="C:\Program Files (x86)\ArcGIS\Desktop10.0\ArcToolbox\Toolboxes\Data Management Tools.tbx\CalculateField" Date="20130321" Time="174518">CalculateField Declaraciones_de_Agotamiento_2011_Julio Documento "http://www.dga.cl/administracionrecursoshidricos/asuperficiales/Documents/Resolucionloa.pdf" VB #</Process><Process ToolSource="C:\Program Files (x86)\ArcGIS\Desktop10.0\ArcToolbox\Toolboxes\Data Management Tools.tbx\CalculateField" Date="20130321" Time="174609">CalculateField Declaraciones_de_Agotamiento_2011_Julio Documento "http://www.dga.cl/administracionrecursoshidricos/asuperficiales/Documents/resolucionmapocho.PDF" VB #</Process><Process ToolSource="C:\Program Files (x86)\ArcGIS\Desktop10.0\ArcToolbox\Toolboxes\Data Management Tools.tbx\CalculateField" Date="20130321" Time="174646">CalculateField Declaraciones_de_Agotamiento_2011_Julio Nombre "PRIMERA SECCION RIO MAPOCHO Y SUS AFLUENTES" VB #</Process><Process ToolSource="C:\Program Files (x86)\ArcGIS\Desktop10.0\ArcToolbox\Toolboxes\Data Management Tools.tbx\CalculateField" Date="20130321" Time="174727">CalculateField Declaraciones_de_Agotamiento_2011_Julio Documento "http://www.dga.cl/administracionrecursoshidricos/asuperficiales/Documents/resolucionputaendo.PDF" VB #</Process><Process ToolSource="C:\Program Files (x86)\ArcGIS\Desktop10.0\ArcToolbox\Toolboxes\Data Management Tools.tbx\CalculateField" Date="20130321" Time="174747">CalculateField Declaraciones_de_Agotamiento_2011_Julio Documento "http://www.dga.cl/administracionrecursoshidricos/asuperficiales/Documents/resoluciontinguiririca0001.pdf" VB #</Process><Process ToolSource="C:\Program Files (x86)\ArcGIS\Desktop10.0\ArcToolbox\Toolboxes\Data Management Tools.tbx\CalculateField" Date="20130321" Time="174855">CalculateField Declaraciones_de_Agotamiento_2011_Julio Nombre "PRIMERA SECCION RIO TINGUIRIRICA Y SUS AFLUENTES" VB #</Process><Process ToolSource="C:\Program Files (x86)\ArcGIS\Desktop10.0\ArcToolbox\Toolboxes\Data Management Tools.tbx\CalculateField" Date="20130321" Time="175408">CalculateField Declaraciones_de_Agotamiento_2011_Julio D_SHAPE "http://www.dga.cl/DEP/MAPAS/SHP/Declaraciones_Agotamiento.zip" VB #</Process><Process ToolSource="C:\Program Files (x86)\ArcGIS\Desktop10.0\ArcToolbox\Toolboxes\Data Management Tools.tbx\CalculateField" Date="20130321" Time="175439">CalculateField Declaraciones_de_Agotamiento_2011_Julio D_Shape "http://www.dga.cl/DEP/MAPAS/SHP/Declaraciones_Agotamiento.zip" VB #</Process><Process ToolSource="C:\Program Files (x86)\ArcGIS\Desktop10.0\ArcToolbox\Toolboxes\Data Management Tools.tbx\CalculateField" Date="20130321" Time="175557">CalculateField Declaraciones_de_Agotamiento_2011_Julio D_KML "http://www.dga.cl/DEP/MAPAS/KML/Declaraciones_Agotamiento.kmz" VB #</Process><Process ToolSource="C:\Program Files (x86)\ArcGIS\Desktop10.0\ArcToolbox\Toolboxes\Data Management Tools.tbx\CalculateField" Date="20130709" Time="114919">CalculateField Declaraciones_de_Agotamiento_2011_Julio NOM_REG "BIO BIO" VB #</Process><Process ToolSource="c:\program files (x86)\arcgis\desktop10.1\ArcToolbox\Toolboxes\Data Management Tools.tbx\CopyFeatures" Date="20160518" Time="132000">CopyFeatures Declaraciones_de_Agotamiento_Mayo_2016 D:\Mapotecas_Shape\Restricciones_al_Uso_del_Agua\Declaraciones_de_Agotamiento_Mayo_2016.shp # 0 0 0</Process><Process ToolSource="c:\program files (x86)\arcgis\desktop10.0\ArcToolbox\Toolboxes\Data Management Tools.tbx\Merge" Date="20160622" Time="115313">Merge Declaraciones_de_Agotamiento_Mayo_2016;loa;Export_Output C:\Users\nury.salazar\Documents\ArcGIS\Default.gdb\Declaraciones_de_Agotamiento "AREAKM2 "AREAKM2" true true false 19 Double 0 0 ,First,#,Declaraciones_de_Agotamiento_Mayo_2016,AREAKM2,-1,-1;Nombre "Nombre" true true false 50 Text 0 0 ,First,#,Declaraciones_de_Agotamiento_Mayo_2016,Nombre,-1,-1;NOM_REG "NOM_REG" true true false 50 Text 0 0 ,First,#,Declaraciones_de_Agotamiento_Mayo_2016,NOM_REG,-1,-1;RESOL_DGA "RESOL_DGA" true true false 40 Text 0 0 ,First,#,Declaraciones_de_Agotamiento_Mayo_2016,RESOL_DGA,-1,-1;FECHA_RES "FECHA_RES" true true false 40 Text 0 0 ,First,#,Declaraciones_de_Agotamiento_Mayo_2016,FECHA_RES,-1,-1;TIPO "TIPO" true true false 50 Text 0 0 ,First,#,Declaraciones_de_Agotamiento_Mayo_2016,TIPO,-1,-1;TOMA_RAZON "TOMA_RAZON" true true false 15 Text 0 0 ,First,#,Declaraciones_de_Agotamiento_Mayo_2016,TOMA_RAZON,-1,-1;PUBLICACIO "PUBLICACIO" true true false 15 Text 0 0 ,First,#,Declaraciones_de_Agotamiento_Mayo_2016,PUBLICACIO,-1,-1;Documento "Documento" true true false 150 Text 0 0 ,First,#,Declaraciones_de_Agotamiento_Mayo_2016,Documento,-1,-1;D_Shape "D_Shape" true true false 100 Text 0 0 ,First,#,Declaraciones_de_Agotamiento_Mayo_2016,D_Shape,-1,-1;D_KML "D_KML" true true false 80 Text 0 0 ,First,#,Declaraciones_de_Agotamiento_Mayo_2016,D_KML,-1,-1;Norte "Norte" true true false 9 Long 0 9 ,First,#,Declaraciones_de_Agotamiento_Mayo_2016,Norte,-1,-1;Num_Mapa "Num_Mapa" true true false 4 Short 0 4 ,First,#,Declaraciones_de_Agotamiento_Mayo_2016,Num_Mapa,-1,-1;Shape_Leng "Shape_Leng" true true false 19 Double 0 0 ,First,#,Declaraciones_de_Agotamiento_Mayo_2016,Shape_Leng,-1,-1;Shape_Area "Shape_Area" true true false 19 Double 0 0 ,First,#,Declaraciones_de_Agotamiento_Mayo_2016,Shape_Area,-1,-1;COD_CUENCA "COD_CUENCA" true true false 254 Text 0 0 ,First,#,loa,COD_CUENCA,-1,-1;COD_SCUEN "COD_SCUEN" true true false 254 Text 0 0 ,First,#,Export_Output,COD_SCUEN,-1,-1"</Process><Process ToolSource="C:\Program Files (x86)\ArcGIS\Desktop10.0\ArcToolbox\Toolboxes\Data Management Tools.tbx\CalculateField" Date="20160622" Time="115456">CalculateField Declaraciones_de_Agotamiento Nombre "RIO LOA Y SUS AFLUENTES" VB #</Process><Process ToolSource="C:\Program Files (x86)\ArcGIS\Desktop10.0\ArcToolbox\Toolboxes\Data Management Tools.tbx\CalculateField" Date="20160622" Time="115510">CalculateField Declaraciones_de_Agotamiento NOM_REG "ANTOFAGASTA" VB #</Process><Process ToolSource="C:\Program Files (x86)\ArcGIS\Desktop10.0\ArcToolbox\Toolboxes\Data Management Tools.tbx\CalculateField" Date="20160622" Time="115523">CalculateField Declaraciones_de_Agotamiento RESOL_DGA "DGA 197" VB #</Process><Process ToolSource="C:\Program Files (x86)\ArcGIS\Desktop10.0\ArcToolbox\Toolboxes\Data Management Tools.tbx\CalculateField" Date="20160622" Time="115540">CalculateField Declaraciones_de_Agotamiento FECHA_RES "24-01-2000" VB #</Process><Process ToolSource="C:\Program Files (x86)\ArcGIS\Desktop10.0\ArcToolbox\Toolboxes\Data Management Tools.tbx\CalculateField" Date="20160622" Time="115554">CalculateField Declaraciones_de_Agotamiento TIPO "DECLARACION DE AGOTAMIENTO" VB #</Process><Process ToolSource="C:\Program Files (x86)\ArcGIS\Desktop10.0\ArcToolbox\Toolboxes\Data Management Tools.tbx\CalculateField" Date="20160622" Time="115606">CalculateField Declaraciones_de_Agotamiento TOMA_RAZON "EXENTA" VB #</Process><Process ToolSource="C:\Program Files (x86)\ArcGIS\Desktop10.0\ArcToolbox\Toolboxes\Data Management Tools.tbx\CalculateField" Date="20160622" Time="115622">CalculateField Declaraciones_de_Agotamiento PUBLICACIO "14-02-2000" VB #</Process><Process ToolSource="C:\Program Files (x86)\ArcGIS\Desktop10.0\ArcToolbox\Toolboxes\Data Management Tools.tbx\CalculateField" Date="20160622" Time="115945">CalculateField Declaraciones_de_Agotamiento Nombre "RIO SAN PEDRO Y SUS AFLUENTES" VB #</Process><Process ToolSource="C:\Program Files (x86)\ArcGIS\Desktop10.0\ArcToolbox\Toolboxes\Data Management Tools.tbx\CalculateField" Date="20160622" Time="115958">CalculateField Declaraciones_de_Agotamiento NOM_REG "ANTOFAGASTA" VB #</Process><Process ToolSource="C:\Program Files (x86)\ArcGIS\Desktop10.0\ArcToolbox\Toolboxes\Data Management Tools.tbx\CalculateField" Date="20160622" Time="120012">CalculateField Declaraciones_de_Agotamiento RESOL_DGA "DGA 44" VB #</Process><Process ToolSource="C:\Program Files (x86)\ArcGIS\Desktop10.0\ArcToolbox\Toolboxes\Data Management Tools.tbx\CalculateField" Date="20160622" Time="120033">CalculateField Declaraciones_de_Agotamiento FECHA_RES "11-05-2016" VB #</Process><Process ToolSource="C:\Program Files (x86)\ArcGIS\Desktop10.0\ArcToolbox\Toolboxes\Data Management Tools.tbx\CalculateField" Date="20160622" Time="120054">CalculateField Declaraciones_de_Agotamiento TIPO "DECLARACION DE AGOTAMIENTO" VB #</Process><Process ToolSource="C:\Program Files (x86)\ArcGIS\Desktop10.0\ArcToolbox\Toolboxes\Data Management Tools.tbx\CalculateField" Date="20160622" Time="120111">CalculateField Declaraciones_de_Agotamiento TOMA_RAZON "03-06-2016" VB #</Process><Process ToolSource="c:\program files (x86)\arcgis\desktop10.0\ArcToolbox\Toolboxes\Data Management Tools.tbx\Merge" Date="20160622" Time="132530">Merge Declaraciones_de_Agotamiento;rioClaro_de_Rengo;fuera2_Dissolve C:\Users\nury.salazar\Documents\ArcGIS\Default.gdb\Declaraciones_de_Agotamiento1 "AREAKM2 "AREAKM2" true true false 8 Double 0 0 ,First,#,Declaraciones_de_Agotamiento,AREAKM2,-1,-1;Nombre "Nombre" true true false 50 Text 0 0 ,First,#,Declaraciones_de_Agotamiento,Nombre,-1,-1;NOM_REG "NOM_REG" true true false 50 Text 0 0 ,First,#,Declaraciones_de_Agotamiento,NOM_REG,-1,-1;RESOL_DGA "RESOL_DGA" true true false 40 Text 0 0 ,First,#,Declaraciones_de_Agotamiento,RESOL_DGA,-1,-1;FECHA_RES "FECHA_RES" true true false 40 Text 0 0 ,First,#,Declaraciones_de_Agotamiento,FECHA_RES,-1,-1;TIPO "TIPO" true true false 50 Text 0 0 ,First,#,Declaraciones_de_Agotamiento,TIPO,-1,-1,rioClaro_de_Rengo,TIPO,-1,-1;TOMA_RAZON "TOMA_RAZON" true true false 15 Text 0 0 ,First,#,Declaraciones_de_Agotamiento,TOMA_RAZON,-1,-1;PUBLICACIO "PUBLICACIO" true true false 15 Text 0 0 ,First,#,Declaraciones_de_Agotamiento,PUBLICACIO,-1,-1;Documento "Documento" true true false 150 Text 0 0 ,First,#,Declaraciones_de_Agotamiento,Documento,-1,-1;D_Shape "D_Shape" true true false 100 Text 0 0 ,First,#,Declaraciones_de_Agotamiento,D_Shape,-1,-1;D_KML "D_KML" true true false 80 Text 0 0 ,First,#,Declaraciones_de_Agotamiento,D_KML,-1,-1;Norte "Norte" true true false 4 Long 0 0 ,First,#,Declaraciones_de_Agotamiento,Norte,-1,-1;Num_Mapa "Num_Mapa" true true false 2 Short 0 0 ,First,#,Declaraciones_de_Agotamiento,Num_Mapa,-1,-1;Shape_Leng "Shape_Leng" true true false 8 Double 0 0 ,First,#,Declaraciones_de_Agotamiento,Shape_Leng,-1,-1,rioClaro_de_Rengo,Shape_Leng,-1,-1;COD_CUENCA "COD_CUENCA" true true false 254 Text 0 0 ,First,#,Declaraciones_de_Agotamiento,COD_CUENCA,-1,-1,rioClaro_de_Rengo,COD_CUENCA,-1,-1;COD_SCUEN "COD_SCUEN" true true false 254 Text 0 0 ,First,#,Declaraciones_de_Agotamiento,COD_SCUEN,-1,-1,rioClaro_de_Rengo,COD_SCUEN,-1,-1;Shape_Length "Shape_Length" false true true 8 Double 0 0 ,First,#,Declaraciones_de_Agotamiento,Shape_Length,-1,-1,fuera2_Dissolve,Shape_Length,-1,-1;Shape_Area "Shape_Area" false true true 8 Double 0 0 ,First,#,Declaraciones_de_Agotamiento,Shape_Area,-1,-1,rioClaro_de_Rengo,Shape_Area,-1,-1,fuera2_Dissolve,Shape_Area,-1,-1;OBJECTID "OBJECTID" true true false 9 Long 0 9 ,First,#,rioClaro_de_Rengo,OBJECTID,-1,-1;NOM_CUENCA "NOM_CUENCA" true true false 254 Text 0 0 ,First,#,rioClaro_de_Rengo,NOM_CUENCA,-1,-1,fuera2_Dissolve,NOM_CUENCA,-1,-1;NOM_SCUEN "NOM_SCUEN" true true false 254 Text 0 0 ,First,#,rioClaro_de_Rengo,NOM_SCUEN,-1,-1;COD_SSCUEN "COD_SSCUEN" true true false 254 Text 0 0 ,First,#,rioClaro_de_Rengo,COD_SSCUEN,-1,-1;NOM_SSCUEN "NOM_SSCUEN" true true false 254 Text 0 0 ,First,#,rioClaro_de_Rengo,NOM_SSCUEN,-1,-1;COD_NIV_4 "COD_NIV_4" true true false 254 Text 0 0 ,First,#,rioClaro_de_Rengo,COD_NIV_4,-1,-1;NOM_NIV_4 "NOM_NIV_4" true true false 254 Text 0 0 ,First,#,rioClaro_de_Rengo,NOM_NIV_4,-1,-1;COD_NIV_5 "COD_NIV_5" true true false 254 Text 0 0 ,First,#,rioClaro_de_Rengo,COD_NIV_5,-1,-1;NOM_NIV_5 "NOM_NIV_5" true true false 254 Text 0 0 ,First,#,rioClaro_de_Rengo,NOM_NIV_5,-1,-1;COD_NIV_6 "COD_NIV_6" true true false 254 Text 0 0 ,First,#,rioClaro_de_Rengo,COD_NIV_6,-1,-1;NOM_NIV_6 "NOM_NIV_6" true true false 254 Text 0 0 ,First,#,rioClaro_de_Rengo,NOM_NIV_6,-1,-1;COD_NIV_7 "COD_NIV_7" true true false 254 Text 0 0 ,First,#,rioClaro_de_Rengo,COD_NIV_7,-1,-1;NOM_NIV_7 "NOM_NIV_7" true true false 254 Text 0 0 ,First,#,rioClaro_de_Rengo,NOM_NIV_7,-1,-1;COD_NIV_8 "COD_NIV_8" true true false 254 Text 0 0 ,First,#,rioClaro_de_Rengo,COD_NIV_8,-1,-1;NOM_NIV_8 "NOM_NIV_8" true true false 254 Text 0 0 ,First,#,rioClaro_de_Rengo,NOM_NIV_8,-1,-1;COD_NIV_9 "COD_NIV_9" true true false 254 Text 0 0 ,First,#,rioClaro_de_Rengo,COD_NIV_9,-1,-1;NOM_NIV_9 "NOM_NIV_9" true true false 254 Text 0 0 ,First,#,rioClaro_de_Rengo,NOM_NIV_9,-1,-1;VERTIENTE "VERTIENTE" true true false 254 Text 0 0 ,First,#,rioClaro_de_Rengo,VERTIENTE,-1,-1;ORIGEN "ORIGEN" true true false 254 Text 0 0 ,First,#,rioClaro_de_Rengo,ORIGEN,-1,-1;T_MED "T_MED" true true false 254 Text 0 0 ,First,#,rioClaro_de_Rengo,T_MED,-1,-1;T_MAX "T_MAX" true true false 254 Text 0 0 ,First,#,rioClaro_de_Rengo,T_MAX,-1,-1;T_MIN "T_MIN" true true false 254 Text 0 0 ,First,#,rioClaro_de_Rengo,T_MIN,-1,-1;PP "PP" true true false 254 Text 0 0 ,First,#,rioClaro_de_Rengo,PP,-1,-1;PENDIENTE "PENDIENTE" true true false 254 Text 0 0 ,First,#,rioClaro_de_Rengo,PENDIENTE,-1,-1;N_ESTAC_F "N_ESTAC_F" true true false 19 Double 0 0 ,First,#,rioClaro_de_Rengo,N_ESTAC_F,-1,-1;N_ESTAC_P "N_ESTAC_P" true true false 19 Double 0 0 ,First,#,rioClaro_de_Rengo,N_ESTAC_P,-1,-1;SUPERFICIE "SUPERFICIE" true true false 19 Double 0 0 ,First,#,rioClaro_de_Rengo,SUPERFICIE,-1,-1"</Process><Process ToolSource="C:\Program Files (x86)\ArcGIS\Desktop10.0\ArcToolbox\Toolboxes\Data Management Tools.tbx\CalculateField" Date="20160622" Time="140007">CalculateField Declaraciones_de_Agotamiento1 Nombre "RIO CLARO DE RENGO Y SUS AFLUENTES" VB #</Process><Process ToolSource="C:\Program Files (x86)\ArcGIS\Desktop10.0\ArcToolbox\Toolboxes\Data Management Tools.tbx\CalculateField" Date="20160622" Time="140518">CalculateField Declaraciones_de_Agotamiento1 NOM_REG "OHIGGINS" VB #</Process><Process ToolSource="C:\Program Files (x86)\ArcGIS\Desktop10.0\ArcToolbox\Toolboxes\Data Management Tools.tbx\CalculateField" Date="20160622" Time="140556">CalculateField Declaraciones_de_Agotamiento1 RESOL_DGA "DGA 25" VB #</Process><Process ToolSource="C:\Program Files (x86)\ArcGIS\Desktop10.0\ArcToolbox\Toolboxes\Data Management Tools.tbx\CalculateField" Date="20160622" Time="140610">CalculateField Declaraciones_de_Agotamiento1 FECHA_RES "14-03-2016" VB #</Process><Process ToolSource="C:\Program Files (x86)\ArcGIS\Desktop10.0\ArcToolbox\Toolboxes\Data Management Tools.tbx\CalculateField" Date="20160622" Time="140741">CalculateField Declaraciones_de_Agotamiento1 Nombre "ESTERO CHIMBARONGO Y SUS AFLUENTES" VB #</Process><Process ToolSource="C:\Program Files (x86)\ArcGIS\Desktop10.0\ArcToolbox\Toolboxes\Data Management Tools.tbx\CalculateField" Date="20160622" Time="140758">CalculateField Declaraciones_de_Agotamiento1 RESOL_DGA "DGA 894" VB #</Process><Process ToolSource="C:\Program Files (x86)\ArcGIS\Desktop10.0\ArcToolbox\Toolboxes\Data Management Tools.tbx\CalculateField" Date="20160622" Time="140810">CalculateField Declaraciones_de_Agotamiento1 RESOL_DGA "DGA 80" VB #</Process><Process ToolSource="C:\Program Files (x86)\ArcGIS\Desktop10.0\ArcToolbox\Toolboxes\Data Management Tools.tbx\CalculateField" Date="20160622" Time="140827">CalculateField Declaraciones_de_Agotamiento1 FECHA_RES "05-11-1999" VB #</Process><Process ToolSource="C:\Program Files (x86)\ArcGIS\Desktop10.0\ArcToolbox\Toolboxes\Data Management Tools.tbx\CalculateField" Date="20160622" Time="140848">CalculateField Declaraciones_de_Agotamiento1 FECHA_RES "16-03-1983" VB #</Process><Process ToolSource="C:\Program Files (x86)\ArcGIS\Desktop10.0\ArcToolbox\Toolboxes\Data Management Tools.tbx\CalculateField" Date="20160622" Time="140924">CalculateField Declaraciones_de_Agotamiento1 TOMA_RAZON "15-11-1999" VB #</Process><Process ToolSource="C:\Program Files (x86)\ArcGIS\Desktop10.0\ArcToolbox\Toolboxes\Data Management Tools.tbx\CalculateField" Date="20160622" Time="140931">CalculateField Declaraciones_de_Agotamiento1 TOMA_RAZON "15-11-1999" VB #</Process><Process ToolSource="C:\Program Files (x86)\ArcGIS\Desktop10.0\ArcToolbox\Toolboxes\Data Management Tools.tbx\CalculateField" Date="20160622" Time="140954">CalculateField Declaraciones_de_Agotamiento1 TOMA_RAZON "04-04-1983" VB #</Process><Process ToolSource="C:\Program Files (x86)\ArcGIS\Desktop10.0\ArcToolbox\Toolboxes\Data Management Tools.tbx\CalculateField" Date="20160622" Time="141005">CalculateField Declaraciones_de_Agotamiento1 PUBLICACIO "15-04-1983" VB #</Process><Process ToolSource="C:\Program Files (x86)\ArcGIS\Desktop10.0\ArcToolbox\Toolboxes\Data Management Tools.tbx\CalculateField" Date="20160622" Time="141152">CalculateField Declaraciones_de_Agotamiento1 PUBLICACIO "02-05-2016" VB #</Process><Process ToolSource="C:\Program Files (x86)\ArcGIS\Desktop10.0\ArcToolbox\Toolboxes\Data Management Tools.tbx\CalculateField" Date="20160622" Time="141218">CalculateField Declaraciones_de_Agotamiento1 PUBLICACIO " " VB #</Process><Process ToolSource="C:\Program Files (x86)\ArcGIS\Desktop10.0\ArcToolbox\Toolboxes\Data Management Tools.tbx\CalculateField" Date="20160622" Time="141227">CalculateField Declaraciones_de_Agotamiento1 PUBLICACIO " " VB #</Process><Process ToolSource="C:\Program Files (x86)\ArcGIS\Desktop10.0\ArcToolbox\Toolboxes\Data Management Tools.tbx\CalculateField" Date="20160622" Time="141310">CalculateField Declaraciones_de_Agotamiento1 Nombre "PRIMERA SECCIÓN RIO TINGUIRIRICA Y SUS AFLUENTES " VB #</Process><Process ToolSource="C:\Program Files (x86)\ArcGIS\Desktop10.0\ArcToolbox\Toolboxes\Data Management Tools.tbx\CalculateField" Date="20160622" Time="143837">CalculateField Declaraciones_de_Agotamiento1 TIPO "DECLARACION DE AGOTAMIENTO " VB #</Process><Process ToolSource="C:\Program Files (x86)\ArcGIS\Desktop10.0\ArcToolbox\Toolboxes\Data Management Tools.tbx\CalculateField" Date="20160622" Time="151320">CalculateField Declaraciones_de_Agotamiento1 Nombre "RIO HUASCO Y SUS AFLUENTES" VB #</Process><Process ToolSource="C:\Program Files (x86)\ArcGIS\Desktop10.0\ArcToolbox\Toolboxes\Data Management Tools.tbx\CalculateField" Date="20160622" Time="151333">CalculateField Declaraciones_de_Agotamiento1 NOM_REG "ATACAMA" VB #</Process><Process ToolSource="C:\Program Files (x86)\ArcGIS\Desktop10.0\ArcToolbox\Toolboxes\Data Management Tools.tbx\CalculateField" Date="20160622" Time="151346">CalculateField Declaraciones_de_Agotamiento1 RESOL_DGA "DGA 24" VB #</Process><Process ToolSource="C:\Program Files (x86)\ArcGIS\Desktop10.0\ArcToolbox\Toolboxes\Data Management Tools.tbx\CalculateField" Date="20160622" Time="151410">CalculateField Declaraciones_de_Agotamiento1 FECHA_RES "14-03-2016" VB #</Process><Process ToolSource="C:\Program Files (x86)\ArcGIS\Desktop10.0\ArcToolbox\Toolboxes\Data Management Tools.tbx\CalculateField" Date="20160622" Time="151426">CalculateField Declaraciones_de_Agotamiento1 TOMA_RAZON "05-04-2016" VB #</Process><Process ToolSource="C:\Program Files (x86)\ArcGIS\Desktop10.0\ArcToolbox\Toolboxes\Data Management Tools.tbx\CalculateField" Date="20160622" Time="151451">CalculateField Declaraciones_de_Agotamiento1 PUBLICACIO "05-04-2016" VB #</Process><Process ToolSource="C:\Program Files (x86)\ArcGIS\Desktop10.0\ArcToolbox\Toolboxes\Data Management Tools.tbx\CalculateField" Date="20160622" Time="151502">CalculateField Declaraciones_de_Agotamiento1 PUBLICACIO "02-05-2016" VB #</Process><Process ToolSource="C:\Program Files (x86)\ArcGIS\Desktop10.0\ArcToolbox\Toolboxes\Data Management Tools.tbx\CalculateField" Date="20160622" Time="151517">CalculateField Declaraciones_de_Agotamiento1 TIPO "DECLARACION DE AGOTAMIENTO" VB #</Process><Process ToolSource="C:\Program Files (x86)\ArcGIS\Desktop10.0\ArcToolbox\Toolboxes\Data Management Tools.tbx\CalculateField" Date="20160622" Time="151701">CalculateField Declaraciones_de_Agotamiento1 TIPO "DECLARACION DE AGOTAMIENTO" VB #</Process><Process ToolSource="C:\Program Files (x86)\ArcGIS\Desktop10.0\ArcToolbox\Toolboxes\Data Management Tools.tbx\CalculateField" Date="20160622" Time="152352">CalculateField Declaraciones_de_Agotamiento_Mayo_2016 TOMA_RAZON "05-04-2016" VB #</Process><Process ToolSource="c:\program files (x86)\arcgis\desktop10.1\ArcToolbox\Toolboxes\Data Management Tools.tbx\CalculateField" Date="20170215" Time="123717">CalculateField Declaraciones_de_Agotamiento_Mayo_2016 Documento "http://www.dga.cl/administracionrecursoshidricos/asuperficiales/Documents/DGA_TR_24.zip" VB #</Process><Process ToolSource="c:\program files (x86)\arcgis\desktop10.1\ArcToolbox\Toolboxes\Data Management Tools.tbx\CalculateField" Date="20170215" Time="123850">CalculateField Declaraciones_de_Agotamiento_Mayo_2016 Nombre LCase( [Nombre] ) VB #</Process></lineage><itemProps><itemName Sync="TRUE">Declaraciones_de_Agotamiento1</itemName><imsContentType Sync="TRUE">002</imsContentType><itemLocation><linkage Sync="TRUE">file://\\DGA-NCGTAPIA\D$\MAPOTECAS\DGA.gdb</linkage><protocol Sync="TRUE">Local Area Network</protocol></itemLocation><itemSize Sync="TRUE">0.000</itemSize></itemProps><coordRef><type Sync="TRUE">Projected</type><geogcsn Sync="TRUE">GCS_WGS_1984</geogcsn><projcsn Sync="TRUE">WGS_1984_UTM_Zone_19S</projcsn><peXml Sync="TRUE">&lt;ProjectedCoordinateSystem xsi:type='typens:ProjectedCoordinateSystem' xmlns:xsi='http://www.w3.org/2001/XMLSchema-instance' xmlns:xs='http://www.w3.org/2001/XMLSchema' xmlns:typens='http://www.esri.com/schemas/ArcGIS/10.0'&gt;&lt;WKT&gt;PROJCS[&amp;quot;WGS_1984_UTM_Zone_19S&amp;quot;,GEOGCS[&amp;quot;GCS_WGS_1984&amp;quot;,DATUM[&amp;quot;D_WGS_1984&amp;quot;,SPHEROID[&amp;quot;WGS_1984&amp;quot;,6378137.0,298.257223563]],PRIMEM[&amp;quot;Greenwich&amp;quot;,0.0],UNIT[&amp;quot;Degree&amp;quot;,0.0174532925199433]],PROJECTION[&amp;quot;Transverse_Mercator&amp;quot;],PARAMETER[&amp;quot;False_Easting&amp;quot;,500000.0],PARAMETER[&amp;quot;False_Northing&amp;quot;,10000000.0],PARAMETER[&amp;quot;Central_Meridian&amp;quot;,-69.0],PARAMETER[&amp;quot;Scale_Factor&amp;quot;,0.9996],PARAMETER[&amp;quot;Latitude_Of_Origin&amp;quot;,0.0],UNIT[&amp;quot;Meter&amp;quot;,1.0],AUTHORITY[&amp;quot;EPSG&amp;quot;,32719]]&lt;/WKT&gt;&lt;XOrigin&gt;-5120900&lt;/XOrigin&gt;&lt;YOrigin&gt;1900&lt;/YOrigin&gt;&lt;XYScale&gt;10000&lt;/XYScale&gt;&lt;ZOrigin&gt;-100000&lt;/ZOrigin&gt;&lt;ZScale&gt;10000&lt;/ZScale&gt;&lt;MOrigin&gt;-100000&lt;/MOrigin&gt;&lt;MScale&gt;10000&lt;/MScale&gt;&lt;XYTolerance&gt;0.001&lt;/XYTolerance&gt;&lt;ZTolerance&gt;0.001&lt;/ZTolerance&gt;&lt;MTolerance&gt;0.001&lt;/MTolerance&gt;&lt;HighPrecision&gt;true&lt;/HighPrecision&gt;&lt;WKID&gt;32719&lt;/WKID&gt;&lt;/ProjectedCoordinateSystem&gt;</peXml><csUnits Sync="TRUE">Linear Unit: Meter (1.000000)</csUnits></coordRef></DataProperties><ArcGISFormat>1.0</ArcGISFormat></Esri><idinfo><native Sync="TRUE">Microsoft Windows XP Version 5.1 (Build 2600) Service Pack 3; ESRI ArcCatalog 9.2.2.1350</native><descript><langdata Sync="TRUE">es</langdata><abstract>REQUIRED: A brief narrative summary of the data set.</abstract><purpose>REQUIRED: A summary of the intentions with which the data set was developed.</purpose></descript><citation><citeinfo><origin>REQUIRED: The name of an organization or individual that developed the data set.</origin><pubdate>REQUIRED: The date when the data set is published or otherwise made available for release.</pubdate><title Sync="TRUE">Declaraciones_de_Agotamiento</title><ftname Sync="TRUE">Declaraciones_de_Agotamiento</ftname><geoform Sync="TRUE">vector digital data</geoform><onlink Sync="TRUE">\\DGA-DEP-SIG2\D$\MAPOTECAS\2010\DGA\DGA.gdb</onlink></citeinfo></citation><timeperd><current>REQUIRED: The basis on which the time period of content information is determined.</current><timeinfo><sngdate><caldate>REQUIRED: The year (and optionally month, or month and day) for which the data set corresponds to the ground.</caldate></sngdate></timeinfo></timeperd><status><progress>REQUIRED: The state of the data set.</progress><update>REQUIRED: The frequency with which changes and additions are made to the data set after the initial data set is completed.</update></status><spdom><bounding><westbc Sync="TRUE">-77.250881</westbc><eastbc Sync="TRUE">-65.672368</eastbc><northbc Sync="TRUE">-17.440953</northbc><southbc Sync="TRUE">-56.544287</southbc></bounding><lboundng><leftbc Sync="TRUE">-10328.746670</leftbc><rightbc Sync="TRUE">704806.350414</rightbc><bottombc Sync="TRUE">3733340.057974</bottombc><topbc Sync="TRUE">8065244.184458</topbc></lboundng></spdom><keywords><theme><themekt>REQUIRED: Reference to a formally registered thesaurus or a similar authoritative source of theme keywords.</themekt><themekey>REQUIRED: Common-use word or phrase used to describe the subject of the data set.</themekey></theme></keywords><accconst>REQUIRED: Restrictions and legal prerequisites for accessing the data set.</accconst><useconst>REQUIRED: Restrictions and legal prerequisites for using the data set after access is granted.</useconst><natvform Sync="TRUE">File Geodatabase Feature Class</natvform></idinfo><dataIdInfo><envirDesc Sync="TRUE">Microsoft Windows 7 Version 6.1 (Build 7601) Service Pack 1; ESRI ArcGIS 10.0.3.3600</envirDesc><dataLang><languageCode Sync="TRUE" value="spa" country="CL"></languageCode><countryCode value="CHL" Sync="TRUE"></countryCode></dataLang><idCitation><resTitle Sync="TRUE">Declaraciones_de_Agotamiento1</resTitle><presForm><PresFormCd Sync="TRUE" value="005"></PresFormCd></presForm></idCitation><spatRpType><SpatRepTypCd Sync="TRUE" value="001"></SpatRepTypCd></spatRpType><dataExt><geoEle><GeoBndBox esriExtentType="native"><westBL Sync="TRUE">-10328.74667</westBL><eastBL Sync="TRUE">704806.350414</eastBL><northBL Sync="TRUE">8065244.184458</northBL><southBL Sync="TRUE">3733340.057974</southBL><exTypeCode Sync="TRUE">1</exTypeCode></GeoBndBox></geoEle></dataExt><geoBox esriExtentType="decdegrees"><westBL Sync="TRUE">-77.250881</westBL><eastBL Sync="TRUE">-65.672368</eastBL><northBL Sync="TRUE">-17.440953</northBL><southBL Sync="TRUE">-56.544287</southBL><exTypeCode Sync="TRUE">1</exTypeCode></geoBox><descKeys><thesaName uuidref="723f6998-058e-11dc-8314-0800200c9a66"></thesaName><keyword Sync="TRUE">002</keyword></descKeys></dataIdInfo><metainfo><langmeta Sync="TRUE">es</langmeta><metstdn Sync="TRUE">FGDC Content Standards for Digital Geospatial Metadata</metstdn><metstdv Sync="TRUE">FGDC-STD-001-1998</metstdv><mettc Sync="TRUE">local time</mettc><metc><cntinfo><cntorgp><cntper>REQUIRED: The person responsible for the metadata information.</cntper><cntorg>REQUIRED: The organization responsible for the metadata information.</cntorg></cntorgp><cntaddr><addrtype>REQUIRED: The mailing and/or physical address for the organization or individual.</addrtype><city>REQUIRED: The city of the address.</city><state>REQUIRED: The state or province of the address.</state><postal>REQUIRED: The ZIP or other postal code of the address.</postal></cntaddr><cntvoice>REQUIRED: The telephone number by which individuals can speak to the organization or individual.</cntvoice></cntinfo></metc><metd Sync="TRUE">20090413</metd></metainfo><mdLang><languageCode Sync="TRUE" value="spa"></languageCode><countryCode value="CHL" Sync="TRUE"></countryCode></mdLang><mdStanName Sync="TRUE">ISO 19115 Geographic Information - Metadata</mdStanName><mdStanVer Sync="TRUE">DIS_ESRI1.0</mdStanVer><mdChar><CharSetCd Sync="TRUE" value="004"></CharSetCd></mdChar><mdHrLv><ScopeCd Sync="TRUE" value="005"></ScopeCd></mdHrLv><mdHrLvName Sync="TRUE">dataset</mdHrLvName><distinfo><resdesc Sync="TRUE">Downloadable Data</resdesc><stdorder><digform><digtinfo><transize Sync="TRUE">3,632</transize><dssize Sync="TRUE">3,632</dssize></digtinfo></digform></stdorder></distinfo><distInfo><distributor><distorTran><onLineSrc><orDesc Sync="TRUE">002</orDesc><linkage Sync="TRUE">file://\\DGA-DEP-SIG2\D$\MAPOTECAS\2010\DGA\DGA.gdb</linkage><protocol Sync="TRUE">Local Area Network</protocol></onLineSrc><transSize Sync="TRUE">3,632</transSize></distorTran><distorFormat><formatName Sync="TRUE">File Geodatabase Feature Class</formatName></distorFormat></distributor><distFormat><formatName Sync="TRUE">File Geodatabase Feature Class</formatName></distFormat><distTranOps><transSize Sync="TRUE">0.000</transSize></distTranOps></distInfo><spdoinfo><direct Sync="TRUE">Vector</direct><ptvctinf><esriterm><efeatyp Sync="TRUE">Simple</efeatyp><efeageom code="4" Sync="TRUE"></efeageom><esritopo Sync="TRUE">FALSE</esritopo><efeacnt Sync="TRUE">0</efeacnt><spindex Sync="TRUE">TRUE</spindex><linrefer Sync="TRUE">FALSE</linrefer></esriterm></ptvctinf></spdoinfo><spatRepInfo><VectSpatRep><geometObjs Name="Declaraciones_de_Agotamiento1"><geoObjTyp><GeoObjTypCd value="002" Sync="TRUE"></GeoObjTypCd></geoObjTyp><geoObjCnt Sync="TRUE">0</geoObjCnt></geometObjs><topLvl><TopoLevCd value="001" Sync="TRUE"></TopoLevCd></topLvl></VectSpatRep></spatRepInfo><eainfo><detailed Name="Declaraciones_de_Agotamiento1"><enttyp><enttypl Sync="TRUE">Declaraciones_de_Agotamiento1</enttypl><enttypt Sync="TRUE">Feature Class</enttypt><enttypc Sync="TRUE">0</enttypc></enttyp><attr><attrlabl Sync="TRUE">OBJECTID_1</attrlabl><attalias Sync="TRUE">OBJECTID_1</attalias><attrtype Sync="TRUE">OID</attrtype><attwidth Sync="TRUE">4</attwidth><atprecis Sync="TRUE">0</atprecis><attscale Sync="TRUE">0</attscale><attrdef Sync="TRUE">Internal feature number.</attrdef><attrdefs Sync="TRUE">ESRI</attrdefs><attrdomv><udom Sync="TRUE">Sequential unique whole numbers that are automatically generated.</udom></attrdomv></attr><attr><attrlabl Sync="TRUE">OBJECTID</attrlabl><attalias Sync="TRUE">OBJECTID</attalias><attrtype Sync="TRUE">Integer</attrtype><attwidth Sync="TRUE">4</attwidth><atprecis Sync="TRUE">0</atprecis><attscale Sync="TRUE">0</attscale><attrdef Sync="TRUE">Internal feature number.</attrdef><attrdefs Sync="TRUE">ESRI</attrdefs><attrdomv><udom Sync="TRUE">Sequential unique whole numbers that are automatically generated.</udom></attrdomv></attr><attr><attrlabl Sync="TRUE">Shape</attrlabl><attalias Sync="TRUE">Shape</attalias><attrtype Sync="TRUE">Geometry</attrtype><attwidth Sync="TRUE">0</attwidth><atprecis Sync="TRUE">0</atprecis><attscale Sync="TRUE">0</attscale><attrdef Sync="TRUE">Feature geometry.</attrdef><attrdefs Sync="TRUE">ESRI</attrdefs><attrdomv><udom Sync="TRUE">Coordinates defining the features.</udom></attrdomv></attr><attr><attrlabl Sync="TRUE">AREAKM2</attrlabl><attalias Sync="TRUE">AREAKM2</attalias><attrtype Sync="TRUE">Double</attrtype><attwidth Sync="TRUE">8</attwidth><atprecis Sync="TRUE">0</atprecis><attscale Sync="TRUE">0</attscale></attr><attr><attrlabl Sync="TRUE">Nombre</attrlabl><attalias Sync="TRUE">Nombre</attalias><attrtype Sync="TRUE">String</attrtype><attwidth Sync="TRUE">50</attwidth><atprecis Sync="TRUE">0</atprecis><attscale Sync="TRUE">0</attscale></attr><attr><attrlabl Sync="TRUE">NOM_REG</attrlabl><attalias Sync="TRUE">NOM_REG</attalias><attrtype Sync="TRUE">String</attrtype><attwidth Sync="TRUE">50</attwidth><atprecis Sync="TRUE">0</atprecis><attscale Sync="TRUE">0</attscale></attr><attr><attrlabl Sync="TRUE">RESOL_DGA</attrlabl><attalias Sync="TRUE">RESOL_DGA</attalias><attrtype Sync="TRUE">String</attrtype><attwidth Sync="TRUE">40</attwidth><atprecis Sync="TRUE">0</atprecis><attscale Sync="TRUE">0</attscale></attr><attr><attrlabl Sync="TRUE">FECHA_RES</attrlabl><attalias Sync="TRUE">FECHA_RES</attalias><attrtype Sync="TRUE">String</attrtype><attwidth Sync="TRUE">40</attwidth><atprecis Sync="TRUE">0</atprecis><attscale Sync="TRUE">0</attscale></attr><attr><attrlabl Sync="TRUE">TIPO</attrlabl><attalias Sync="TRUE">TIPO</attalias><attrtype Sync="TRUE">String</attrtype><attwidth Sync="TRUE">50</attwidth><atprecis Sync="TRUE">0</atprecis><attscale Sync="TRUE">0</attscale></attr><attr><attrlabl Sync="TRUE">TOMA_RAZON</attrlabl><attalias Sync="TRUE">TOMA_RAZON</attalias><attrtype Sync="TRUE">String</attrtype><attwidth Sync="TRUE">15</attwidth><atprecis Sync="TRUE">0</atprecis><attscale Sync="TRUE">0</attscale></attr><attr><attrlabl Sync="TRUE">PUBLICACIO</attrlabl><attalias Sync="TRUE">PUBLICACIO</attalias><attrtype Sync="TRUE">String</attrtype><attwidth Sync="TRUE">15</attwidth><atprecis Sync="TRUE">0</atprecis><attscale Sync="TRUE">0</attscale></attr><attr><attrlabl Sync="TRUE">Documento</attrlabl><attalias Sync="TRUE">Documento</attalias><attrtype Sync="TRUE">String</attrtype><attwidth Sync="TRUE">150</attwidth><atprecis Sync="TRUE">0</atprecis><attscale Sync="TRUE">0</attscale></attr><attr><attrlabl Sync="TRUE">D_Shape</attrlabl><attalias Sync="TRUE">D_Shape</attalias><attrtype Sync="TRUE">String</attrtype><attwidth Sync="TRUE">100</attwidth><atprecis Sync="TRUE">0</atprecis><attscale Sync="TRUE">0</attscale></attr><attr><attrlabl Sync="TRUE">D_KML</attrlabl><attalias Sync="TRUE">D_KML</attalias><attrtype Sync="TRUE">String</attrtype><attwidth Sync="TRUE">80</attwidth><atprecis Sync="TRUE">0</atprecis><attscale Sync="TRUE">0</attscale></attr><attr><attrlabl Sync="TRUE">Norte</attrlabl><attalias Sync="TRUE">Norte</attalias><attrtype Sync="TRUE">Integer</attrtype><attwidth Sync="TRUE">4</attwidth><atprecis Sync="TRUE">0</atprecis><attscale Sync="TRUE">0</attscale></attr><attr><attrlabl Sync="TRUE">Num_Mapa</attrlabl><attalias Sync="TRUE">Num_Mapa</attalias><attrtype Sync="TRUE">SmallInteger</attrtype><attwidth Sync="TRUE">2</attwidth><atprecis Sync="TRUE">0</atprecis><attscale Sync="TRUE">0</attscale></attr><attr><attrlabl Sync="TRUE">Shape_Leng</attrlabl><attalias Sync="TRUE">Shape_Leng</attalias><attrtype Sync="TRUE">Double</attrtype><attwidth Sync="TRUE">8</attwidth><atprecis Sync="TRUE">0</atprecis><attscale Sync="TRUE">0</attscale></attr><attr><attrlabl Sync="TRUE">COD_CUENCA</attrlabl><attalias Sync="TRUE">COD_CUENCA</attalias><attrtype Sync="TRUE">String</attrtype><attwidth Sync="TRUE">254</attwidth><atprecis Sync="TRUE">0</atprecis><attscale Sync="TRUE">0</attscale></attr><attr><attrlabl Sync="TRUE">COD_SCUEN</attrlabl><attalias Sync="TRUE">COD_SCUEN</attalias><attrtype Sync="TRUE">String</attrtype><attwidth Sync="TRUE">254</attwidth><atprecis Sync="TRUE">0</atprecis><attscale Sync="TRUE">0</attscale></attr><attr><attrlabl Sync="TRUE">NOM_CUENCA</attrlabl><attalias Sync="TRUE">NOM_CUENCA</attalias><attrtype Sync="TRUE">String</attrtype><attwidth Sync="TRUE">254</attwidth><atprecis Sync="TRUE">0</atprecis><attscale Sync="TRUE">0</attscale></attr><attr><attrlabl Sync="TRUE">NOM_SCUEN</attrlabl><attalias Sync="TRUE">NOM_SCUEN</attalias><attrtype Sync="TRUE">String</attrtype><attwidth Sync="TRUE">254</attwidth><atprecis Sync="TRUE">0</atprecis><attscale Sync="TRUE">0</attscale></attr><attr><attrlabl Sync="TRUE">COD_SSCUEN</attrlabl><attalias Sync="TRUE">COD_SSCUEN</attalias><attrtype Sync="TRUE">String</attrtype><attwidth Sync="TRUE">254</attwidth><atprecis Sync="TRUE">0</atprecis><attscale Sync="TRUE">0</attscale></attr><attr><attrlabl Sync="TRUE">NOM_SSCUEN</attrlabl><attalias Sync="TRUE">NOM_SSCUEN</attalias><attrtype Sync="TRUE">String</attrtype><attwidth Sync="TRUE">254</attwidth><atprecis Sync="TRUE">0</atprecis><attscale Sync="TRUE">0</attscale></attr><attr><attrlabl Sync="TRUE">COD_NIV_4</attrlabl><attalias Sync="TRUE">COD_NIV_4</attalias><attrtype Sync="TRUE">String</attrtype><attwidth Sync="TRUE">254</attwidth><atprecis Sync="TRUE">0</atprecis><attscale Sync="TRUE">0</attscale></attr><attr><attrlabl Sync="TRUE">NOM_NIV_4</attrlabl><attalias Sync="TRUE">NOM_NIV_4</attalias><attrtype Sync="TRUE">String</attrtype><attwidth Sync="TRUE">254</attwidth><atprecis Sync="TRUE">0</atprecis><attscale Sync="TRUE">0</attscale></attr><attr><attrlabl Sync="TRUE">COD_NIV_5</attrlabl><attalias Sync="TRUE">COD_NIV_5</attalias><attrtype Sync="TRUE">String</attrtype><attwidth Sync="TRUE">254</attwidth><atprecis Sync="TRUE">0</atprecis><attscale Sync="TRUE">0</attscale></attr><attr><attrlabl Sync="TRUE">NOM_NIV_5</attrlabl><attalias Sync="TRUE">NOM_NIV_5</attalias><attrtype Sync="TRUE">String</attrtype><attwidth Sync="TRUE">254</attwidth><atprecis Sync="TRUE">0</atprecis><attscale Sync="TRUE">0</attscale></attr><attr><attrlabl Sync="TRUE">COD_NIV_6</attrlabl><attalias Sync="TRUE">COD_NIV_6</attalias><attrtype Sync="TRUE">String</attrtype><attwidth Sync="TRUE">254</attwidth><atprecis Sync="TRUE">0</atprecis><attscale Sync="TRUE">0</attscale></attr><attr><attrlabl Sync="TRUE">NOM_NIV_6</attrlabl><attalias Sync="TRUE">NOM_NIV_6</attalias><attrtype Sync="TRUE">String</attrtype><attwidth Sync="TRUE">254</attwidth><atprecis Sync="TRUE">0</atprecis><attscale Sync="TRUE">0</attscale></attr><attr><attrlabl Sync="TRUE">COD_NIV_7</attrlabl><attalias Sync="TRUE">COD_NIV_7</attalias><attrtype Sync="TRUE">String</attrtype><attwidth Sync="TRUE">254</attwidth><atprecis Sync="TRUE">0</atprecis><attscale Sync="TRUE">0</attscale></attr><attr><attrlabl Sync="TRUE">NOM_NIV_7</attrlabl><attalias Sync="TRUE">NOM_NIV_7</attalias><attrtype Sync="TRUE">String</attrtype><attwidth Sync="TRUE">254</attwidth><atprecis Sync="TRUE">0</atprecis><attscale Sync="TRUE">0</attscale></attr><attr><attrlabl Sync="TRUE">COD_NIV_8</attrlabl><attalias Sync="TRUE">COD_NIV_8</attalias><attrtype Sync="TRUE">String</attrtype><attwidth Sync="TRUE">254</attwidth><atprecis Sync="TRUE">0</atprecis><attscale Sync="TRUE">0</attscale></attr><attr><attrlabl Sync="TRUE">NOM_NIV_8</attrlabl><attalias Sync="TRUE">NOM_NIV_8</attalias><attrtype Sync="TRUE">String</attrtype><attwidth Sync="TRUE">254</attwidth><atprecis Sync="TRUE">0</atprecis><attscale Sync="TRUE">0</attscale></attr><attr><attrlabl Sync="TRUE">COD_NIV_9</attrlabl><attalias Sync="TRUE">COD_NIV_9</attalias><attrtype Sync="TRUE">String</attrtype><attwidth Sync="TRUE">254</attwidth><atprecis Sync="TRUE">0</atprecis><attscale Sync="TRUE">0</attscale></attr><attr><attrlabl Sync="TRUE">NOM_NIV_9</attrlabl><attalias Sync="TRUE">NOM_NIV_9</attalias><attrtype Sync="TRUE">String</attrtype><attwidth Sync="TRUE">254</attwidth><atprecis Sync="TRUE">0</atprecis><attscale Sync="TRUE">0</attscale></attr><attr><attrlabl Sync="TRUE">VERTIENTE</attrlabl><attalias Sync="TRUE">VERTIENTE</attalias><attrtype Sync="TRUE">String</attrtype><attwidth Sync="TRUE">254</attwidth><atprecis Sync="TRUE">0</atprecis><attscale Sync="TRUE">0</attscale></attr><attr><attrlabl Sync="TRUE">ORIGEN</attrlabl><attalias Sync="TRUE">ORIGEN</attalias><attrtype Sync="TRUE">String</attrtype><attwidth Sync="TRUE">254</attwidth><atprecis Sync="TRUE">0</atprecis><attscale Sync="TRUE">0</attscale></attr><attr><attrlabl Sync="TRUE">T_MED</attrlabl><attalias Sync="TRUE">T_MED</attalias><attrtype Sync="TRUE">String</attrtype><attwidth Sync="TRUE">254</attwidth><atprecis Sync="TRUE">0</atprecis><attscale Sync="TRUE">0</attscale></attr><attr><attrlabl Sync="TRUE">T_MAX</attrlabl><attalias Sync="TRUE">T_MAX</attalias><attrtype Sync="TRUE">String</attrtype><attwidth Sync="TRUE">254</attwidth><atprecis Sync="TRUE">0</atprecis><attscale Sync="TRUE">0</attscale></attr><attr><attrlabl Sync="TRUE">T_MIN</attrlabl><attalias Sync="TRUE">T_MIN</attalias><attrtype Sync="TRUE">String</attrtype><attwidth Sync="TRUE">254</attwidth><atprecis Sync="TRUE">0</atprecis><attscale Sync="TRUE">0</attscale></attr><attr><attrlabl Sync="TRUE">PP</attrlabl><attalias Sync="TRUE">PP</attalias><attrtype Sync="TRUE">String</attrtype><attwidth Sync="TRUE">254</attwidth><atprecis Sync="TRUE">0</atprecis><attscale Sync="TRUE">0</attscale></attr><attr><attrlabl Sync="TRUE">PENDIENTE</attrlabl><attalias Sync="TRUE">PENDIENTE</attalias><attrtype Sync="TRUE">String</attrtype><attwidth Sync="TRUE">254</attwidth><atprecis Sync="TRUE">0</atprecis><attscale Sync="TRUE">0</attscale></attr><attr><attrlabl Sync="TRUE">N_ESTAC_F</attrlabl><attalias Sync="TRUE">N_ESTAC_F</attalias><attrtype Sync="TRUE">Double</attrtype><attwidth Sync="TRUE">8</attwidth><atprecis Sync="TRUE">0</atprecis><attscale Sync="TRUE">0</attscale></attr><attr><attrlabl Sync="TRUE">N_ESTAC_P</attrlabl><attalias Sync="TRUE">N_ESTAC_P</attalias><attrtype Sync="TRUE">Double</attrtype><attwidth Sync="TRUE">8</attwidth><atprecis Sync="TRUE">0</atprecis><attscale Sync="TRUE">0</attscale></attr><attr><attrlabl Sync="TRUE">SUPERFICIE</attrlabl><attalias Sync="TRUE">SUPERFICIE</attalias><attrtype Sync="TRUE">Double</attrtype><attwidth Sync="TRUE">8</attwidth><atprecis Sync="TRUE">0</atprecis><attscale Sync="TRUE">0</attscale></attr><attr><attrlabl Sync="TRUE">Shape_Length</attrlabl><attalias Sync="TRUE">Shape_Length</attalias><attrtype Sync="TRUE">Double</attrtype><attwidth Sync="TRUE">8</attwidth><atprecis Sync="TRUE">0</atprecis><attscale Sync="TRUE">0</attscale><attrdef Sync="TRUE">Length of feature in internal units.</attrdef><attrdefs Sync="TRUE">ESRI</attrdefs><attrdomv><udom Sync="TRUE">Positive real numbers that are automatically generated.</udom></attrdomv></attr><attr><attrlabl Sync="TRUE">Shape_Area</attrlabl><attalias Sync="TRUE">Shape_Area</attalias><attrtype Sync="TRUE">Double</attrtype><attwidth Sync="TRUE">8</attwidth><atprecis Sync="TRUE">0</atprecis><attscale Sync="TRUE">0</attscale><attrdef Sync="TRUE">Area of feature in internal units squared.</attrdef><attrdefs Sync="TRUE">ESRI</attrdefs><attrdomv><udom Sync="TRUE">Positive real numbers that are automatically generated.</udom></attrdomv></attr></detailed></eainfo><mdDateSt Sync="TRUE">20160622</mdDateSt><spref><horizsys><cordsysn><geogcsn Sync="TRUE">GCS_WGS_1984</geogcsn><projcsn Sync="TRUE">WGS_1984_UTM_Zone_19S</projcsn></cordsysn><planar><planci><plance Sync="TRUE">coordinate pair</plance><plandu Sync="TRUE">meters</plandu><coordrep><absres Sync="TRUE">0.000100</absres><ordres Sync="TRUE">0.000100</ordres></coordrep></planci></planar><geodetic><horizdn Sync="TRUE">D_WGS_1984</horizdn><ellips Sync="TRUE">WGS_1984</ellips><semiaxis Sync="TRUE">6378137.000000</semiaxis><denflat Sync="TRUE">298.257224</denflat></geodetic></horizsys><vertdef><altsys><altenc Sync="TRUE">Explicit elevation coordinate included with horizontal coordinates</altenc><altres Sync="TRUE">0.000100</altres></altsys></vertdef></spref><refSysInfo><RefSystem><refSysID><identCode Sync="TRUE" code="32719" value="32719">WGS_1984_UTM_Zone_19S</identCode><idCodeSpace Sync="TRUE">EPSG</idCodeSpace><idVersion Sync="TRUE">7.4.1</idVersion></refSysID></RefSystem></refSysInfo><dataqual><lineage><procstep><procdesc Sync="TRUE">Dataset copied.</procdesc><srcused Sync="TRUE"></srcused><date Sync="TRUE">20090413</date><time Sync="TRUE">17511500</time></procstep><procstep><procdesc Sync="TRUE">Dataset copied.</procdesc><srcused Sync="TRUE"></srcused><date Sync="TRUE">20090413</date><time Sync="TRUE">18173900</time></procstep><procstep><procdesc Sync="TRUE">Dataset copied.</procdesc><srcused Sync="TRUE">\\DGA-DEP-SIG2\D$\Mapoteca_DGA_wgs84\NUEVA GEODATABASE\DGA.gdb</srcused><date Sync="TRUE">20090416</date><time Sync="TRUE">12504400</time></procstep><procstep><procdesc Sync="TRUE">Dataset copied.</procdesc><srcused Sync="TRUE">\\DGA-DEP-SIG2\D$\MAPOTECAS\2009\Mapoteca_DGA_wgs84\NUEVA GEODATABASE\GDB_DGA.gdb</srcused><procdate Sync="TRUE">20100712</procdate><proctime Sync="TRUE">11534300</proctime></procstep></lineage></dataqual></metadata>
