<?xml version="1.0" encoding="UTF-8"?>
<metadata xml:lang="es"><Esri><CreaDate>20180808</CreaDate><CreaTime>09473500</CreaTime><ArcGISFormat>1.0</ArcGISFormat><SyncOnce>FALSE</SyncOnce><DataProperties><lineage><Process ToolSource="C:\Program Files (x86)\ArcGIS\Desktop10.0\ArcToolbox\Toolboxes\Data Management Tools.tbx\CalculateField" Date="20131112" Time="131455">CalculateField Reservas_temp2 TIPO_RES [RAZON] VB #</Process><Process ToolSource="C:\Program Files (x86)\ArcGIS\Desktop10.0\ArcToolbox\Toolboxes\Data Management Tools.tbx\CalculateField" Date="20131112" Time="131513">CalculateField Reservas_temp2 FECHA_PUB [PUBLICACIO] VB #</Process><Process ToolSource="C:\Program Files (x86)\ArcGIS\Desktop10.0\ArcToolbox\Toolboxes\Data Management Tools.tbx\CalculateField" Date="20140710" Time="145130">CalculateField Reserva_de_Caudales CODREGION 0 VB #</Process><Process ToolSource="C:\Program Files (x86)\ArcGIS\Desktop10.0\ArcToolbox\Toolboxes\Data Management Tools.tbx\CalculateField" Date="20151112" Time="154829">CalculateField Reserva_de_Caudales MOTIVO "Abastecimiento" VB #</Process><Process ToolSource="C:\Program Files (x86)\ArcGIS\Desktop10.0\ArcToolbox\Toolboxes\Data Management Tools.tbx\CalculateField" Date="20151112" Time="154951">CalculateField Reserva_de_Caudales MOTIVO "Circunstancias Exepcionales y de Interés Nacional" VB #</Process><Process ToolSource="C:\Program Files (x86)\ArcGIS\Desktop10.0\ArcToolbox\Toolboxes\Data Management Tools.tbx\CalculateField" Date="20151112" Time="155110">CalculateField Reserva_de_Caudales MOTIVO "Abastecimiento" VB #</Process><Process ToolSource="C:\Program Files (x86)\ArcGIS\Desktop10.0\ArcToolbox\Toolboxes\Data Management Tools.tbx\CalculateField" Date="20151112" Time="155259">CalculateField Reserva_de_Caudales MOTIVO "Circunstancias Exepcionales y de Interés Nacional" VB #</Process><Process ToolSource="c:\program files (x86)\arcgis\desktop10.1\ArcToolbox\Toolboxes\Data Management Tools.tbx\CopyFeatures" Date="20160518" Time="131958">CopyFeatures Reserva_de_Caudales D:\Mapotecas_Shape\Restricciones_al_Uso_del_Agua\Reserva_de_Caudales.shp # 0 0 0</Process><Process ToolSource="c:\program files (x86)\arcgis\desktop10.0\ArcToolbox\Toolboxes\Data Management Tools.tbx\Merge" Date="20171204" Time="153055">Merge Reserva_de_Caudales;Reserva_de_Caudales_SEP2017 E:\Documents\ArcGIS\Default.gdb\Reserva_de_Caudales_Merge1 "NOMBRERESE "NOMBRERESE" true true false 200 Text 0 0 ,First,#,Reserva_de_Caudales,NOMBRERESE,-1,-1,Reserva_de_Caudales_SEP2017,NOMBRERESE,-1,-1;CODREGION "CODREGION" true true false 50 Text 0 0 ,First,#,Reserva_de_Caudales,CODREGION,-1,-1,Reserva_de_Caudales_SEP2017,CODREGION,-1,-1;DECRETO_MO "DECRETO_MO" true true false 50 Text 0 0 ,First,#,Reserva_de_Caudales,DECRETO_MO,-1,-1,Reserva_de_Caudales_SEP2017,DECRETO_MO,-1,-1;PUBLICACIO "PUBLICACIO" true true false 50 Text 0 0 ,First,#,Reserva_de_Caudales,PUBLICACIO,-1,-1,Reserva_de_Caudales_SEP2017,PUBLICACIO,-1,-1;RAZON "RAZON" true true false 50 Text 0 0 ,First,#,Reserva_de_Caudales,RAZON,-1,-1,Reserva_de_Caudales_SEP2017,RAZON,-1,-1;RESOLUCION "RESOLUCION" true true false 50 Text 0 0 ,First,#,Reserva_de_Caudales,RESOLUCION,-1,-1,Reserva_de_Caudales_SEP2017,RESOLUCION,-1,-1;FECHA_RES "FECHA_RES" true true false 50 Text 0 0 ,First,#,Reserva_de_Caudales,FECHA_RES,-1,-1,Reserva_de_Caudales_SEP2017,FECHA_RES,-1,-1;FECHA_PUB "FECHA_PUB" true true false 50 Text 0 0 ,First,#,Reserva_de_Caudales,FECHA_PUB,-1,-1,Reserva_de_Caudales_SEP2017,FECHA_PUB,-1,-1;TIPO_RES "TIPO_RES" true true false 50 Text 0 0 ,First,#,Reserva_de_Caudales,TIPO_RES,-1,-1,Reserva_de_Caudales_SEP2017,TIPO_RES,-1,-1;Naturaleza "Naturaleza" true true false 50 Text 0 0 ,First,#,Reserva_de_Caudales,Naturaleza,-1,-1;MOTIVO "MOTIVO" true true false 70 Text 0 0 ,First,#,Reserva_de_Caudales,MOTIVO,-1,-1;Area_km2 "Area_km2" true true false 4 Short 0 4 ,First,#,Reserva_de_Caudales,Area_km2,-1,-1;CODRESERVA "CODRESERVA" true true false 19 Double 0 0 ,First,#,Reserva_de_Caudales_SEP2017,CODRESERVA,-1,-1;Complement "Complement" true true false 50 Text 0 0 ,First,#,Reserva_de_Caudales_SEP2017,Complement,-1,-1"</Process><Process ToolSource="c:\program files (x86)\arcgis\desktop10.0\ArcToolbox\Toolboxes\Data Management Tools.tbx\Merge" Date="20171204" Time="155957">Merge Reserva_de_Caudales_Merge1;Reserva_de_Caudales_jul2017_ E:\Documents\ArcGIS\Default.gdb\Reserva_de_Caudales_Merge1_M "NOMBRERESE "NOMBRERESE" true true false 200 Text 0 0 ,First,#,Reserva_de_Caudales_Merge1,NOMBRERESE,-1,-1,Reserva_de_Caudales_jul2017_,NOMBRERESE,-1,-1;CODREGION "CODREGION" true true false 50 Text 0 0 ,First,#,Reserva_de_Caudales_Merge1,CODREGION,-1,-1,Reserva_de_Caudales_jul2017_,CODREGION,-1,-1;DECRETO_MO "DECRETO_MO" true true false 50 Text 0 0 ,First,#,Reserva_de_Caudales_Merge1,DECRETO_MO,-1,-1,Reserva_de_Caudales_jul2017_,DECRETO_MO,-1,-1;PUBLICACIO "PUBLICACIO" true true false 50 Text 0 0 ,First,#,Reserva_de_Caudales_Merge1,PUBLICACIO,-1,-1,Reserva_de_Caudales_jul2017_,PUBLICACIO,-1,-1;RAZON "RAZON" true true false 50 Text 0 0 ,First,#,Reserva_de_Caudales_Merge1,RAZON,-1,-1,Reserva_de_Caudales_jul2017_,RAZON,-1,-1;RESOLUCION "RESOLUCION" true true false 50 Text 0 0 ,First,#,Reserva_de_Caudales_Merge1,RESOLUCION,-1,-1,Reserva_de_Caudales_jul2017_,RESOLUCION,-1,-1;FECHA_RES "FECHA_RES" true true false 50 Text 0 0 ,First,#,Reserva_de_Caudales_Merge1,FECHA_RES,-1,-1,Reserva_de_Caudales_jul2017_,FECHA_RES,-1,-1;FECHA_PUB "FECHA_PUB" true true false 50 Text 0 0 ,First,#,Reserva_de_Caudales_Merge1,FECHA_PUB,-1,-1,Reserva_de_Caudales_jul2017_,FECHA_PUB,-1,-1;TIPO_RES "TIPO_RES" true true false 50 Text 0 0 ,First,#,Reserva_de_Caudales_Merge1,TIPO_RES,-1,-1,Reserva_de_Caudales_jul2017_,TIPO_RES,-1,-1;Naturaleza "Naturaleza" true true false 50 Text 0 0 ,First,#,Reserva_de_Caudales_Merge1,Naturaleza,-1,-1;MOTIVO "MOTIVO" true true false 70 Text 0 0 ,First,#,Reserva_de_Caudales_Merge1,MOTIVO,-1,-1;Area_km2 "Area_km2" true true false 2 Short 0 0 ,First,#,Reserva_de_Caudales_Merge1,Area_km2,-1,-1;CODRESERVA "CODRESERVA" true true false 8 Double 0 0 ,First,#,Reserva_de_Caudales_Merge1,CODRESERVA,-1,-1,Reserva_de_Caudales_jul2017_,CODRESERVA,-1,-1;Complement "Complement" true true false 50 Text 0 0 ,First,#,Reserva_de_Caudales_Merge1,Complement,-1,-1;Shape_Length "Shape_Length" false true true 8 Double 0 0 ,First,#,Reserva_de_Caudales_Merge1,Shape_Length,-1,-1,Reserva_de_Caudales_jul2017_,Shape_Length,-1,-1;Shape_Area "Shape_Area" false true true 8 Double 0 0 ,First,#,Reserva_de_Caudales_Merge1,Shape_Area,-1,-1,Reserva_de_Caudales_jul2017_,Shape_Area,-1,-1;OBJECTID_1 "OBJECTID_1" true true false 4 Long 0 0 ,First,#,Reserva_de_Caudales_jul2017_,OBJECTID_1,-1,-1;OBJECTID "OBJECTID" true true false 4 Long 0 0 ,First,#,Reserva_de_Caudales_jul2017_,OBJECTID,-1,-1;Shape_Leng "Shape_Leng" true true false 8 Double 0 0 ,First,#,Reserva_de_Caudales_jul2017_,Shape_Leng,-1,-1;REGION "REGION" true true false 16 Text 0 0 ,First,#,Reserva_de_Caudales_jul2017_,REGION,-1,-1;ACUIFERO "ACUIFERO" true true false 254 Text 0 0 ,First,#,Reserva_de_Caudales_jul2017_,ACUIFERO,-1,-1;SECTOR "SECTOR" true true false 254 Text 0 0 ,First,#,Reserva_de_Caudales_jul2017_,SECTOR,-1,-1;TIPO_Limit "TIPO_Limit" true true false 254 Text 0 0 ,First,#,Reserva_de_Caudales_jul2017_,TIPO_Limit,-1,-1;RESOL "RESOL" true true false 254 Text 0 0 ,First,#,Reserva_de_Caudales_jul2017_,RESOL,-1,-1;Fecha_Reso "Fecha_Reso" true true false 254 Text 0 0 ,First,#,Reserva_de_Caudales_jul2017_,Fecha_Reso,-1,-1;TOMA_RAZON "TOMA_RAZON" true true false 254 Text 0 0 ,First,#,Reserva_de_Caudales_jul2017_,TOMA_RAZON,-1,-1;Fecha_publ "Fecha_publ" true true false 8 Date 0 0 ,First,#,Reserva_de_Caudales_jul2017_,Fecha_publ,-1,-1;Res_Modifi "Res_Modifi" true true false 254 Text 0 0 ,First,#,Reserva_de_Caudales_jul2017_,Res_Modifi,-1,-1;Pub_modi "Pub_modi" true true false 254 Text 0 0 ,First,#,Reserva_de_Caudales_jul2017_,Pub_modi,-1,-1;Cuenca "Cuenca" true true false 50 Text 0 0 ,First,#,Reserva_de_Caudales_jul2017_,Cuenca,-1,-1;APR "APR" true true false 50 Text 0 0 ,First,#,Reserva_de_Caudales_jul2017_,APR,-1,-1;Provisiona "Provisiona" true true false 5 Text 0 0 ,First,#,Reserva_de_Caudales_jul2017_,Provisiona,-1,-1;Sobreotorg "Sobreotorg" true true false 5 Text 0 0 ,First,#,Reserva_de_Caudales_jul2017_,Sobreotorg,-1,-1;a_km2 "a_km2" true true false 8 Double 0 0 ,First,#,Reserva_de_Caudales_jul2017_,a_km2,-1,-1;Ley20411 "Ley20411" true true false 10 Text 0 0 ,First,#,Reserva_de_Caudales_jul2017_,Ley20411,-1,-1;TipoEstudi "TipoEstudi" true true false 50 Text 0 0 ,First,#,Reserva_de_Caudales_jul2017_,TipoEstudi,-1,-1;año "año" true true false 4 Long 0 0 ,First,#,Reserva_de_Caudales_jul2017_,año,-1,-1"</Process><Process ToolSource="C:\Program Files (x86)\ArcGIS\Desktop10.0\ArcToolbox\Toolboxes\Data Management Tools.tbx\CalculateField" Date="20171204" Time="160133">CalculateField Reserva_de_Caudales_Merge1_M NOMBRERESE "Estero Fandango" VB #</Process><Process ToolSource="C:\Program Files (x86)\ArcGIS\Desktop10.0\ArcToolbox\Toolboxes\Data Management Tools.tbx\CalculateField" Date="20171204" Time="160151">CalculateField Reserva_de_Caudales_Merge1_M CODREGION "X" VB #</Process><Process ToolSource="C:\Program Files (x86)\ArcGIS\Desktop10.0\ArcToolbox\Toolboxes\Data Management Tools.tbx\CalculateField" Date="20171204" Time="160226">CalculateField Reserva_de_Caudales_Merge1_M DECRETO_MO "N° 85 del 10-03-2015" VB #</Process><Process ToolSource="C:\Program Files (x86)\ArcGIS\Desktop10.0\ArcToolbox\Toolboxes\Data Management Tools.tbx\CalculateField" Date="20171204" Time="160248">CalculateField Reserva_de_Caudales_Merge1_M PUBLICACIO "01-04-2015" VB #</Process><Process ToolSource="C:\Program Files (x86)\ArcGIS\Desktop10.0\ArcToolbox\Toolboxes\Data Management Tools.tbx\CalculateField" Date="20171204" Time="160304">CalculateField Reserva_de_Caudales_Merge1_M RAZON "APR" VB #</Process><Process ToolSource="C:\Program Files (x86)\ArcGIS\Desktop10.0\ArcToolbox\Toolboxes\Data Management Tools.tbx\CalculateField" Date="20171204" Time="160332">CalculateField Reserva_de_Caudales_Merge1_M RAZON "Extractivos" VB #</Process><Process ToolSource="C:\Program Files (x86)\ArcGIS\Desktop10.0\ArcToolbox\Toolboxes\Data Management Tools.tbx\CalculateField" Date="20171204" Time="160358">CalculateField Reserva_de_Caudales_Merge1_M RESOLUCION "85" VB #</Process><Process ToolSource="C:\Program Files (x86)\ArcGIS\Desktop10.0\ArcToolbox\Toolboxes\Data Management Tools.tbx\CalculateField" Date="20171204" Time="160411">CalculateField Reserva_de_Caudales_Merge1_M FECHA_RES "10-03-2015" VB #</Process><Process ToolSource="C:\Program Files (x86)\ArcGIS\Desktop10.0\ArcToolbox\Toolboxes\Data Management Tools.tbx\CalculateField" Date="20171204" Time="160437">CalculateField Reserva_de_Caudales_Merge1_M FECHA_PUB "01-04-2015" VB #</Process><Process ToolSource="C:\Program Files (x86)\ArcGIS\Desktop10.0\ArcToolbox\Toolboxes\Data Management Tools.tbx\CalculateField" Date="20171204" Time="160450">CalculateField Reserva_de_Caudales_Merge1_M TIPO_RES [RAZON] VB #</Process><Process ToolSource="C:\Program Files (x86)\ArcGIS\Desktop10.0\ArcToolbox\Toolboxes\Data Management Tools.tbx\CalculateField" Date="20171204" Time="160509">CalculateField Reserva_de_Caudales_Merge1_M Naturaleza "Superficial" VB #</Process><Process ToolSource="C:\Program Files (x86)\ArcGIS\Desktop10.0\ArcToolbox\Toolboxes\Data Management Tools.tbx\CalculateField" Date="20171204" Time="160526">CalculateField Reserva_de_Caudales_Merge1_M MOTIVO "APR" VB #</Process><Process ToolSource="C:\Program Files (x86)\ArcGIS\Desktop10.0\ArcToolbox\Toolboxes\Data Management Tools.tbx\CalculateField" Date="20171204" Time="161936">CalculateField Reserva_de_Caudales_Merge1_M Complement "N°1032 del 04-09-2017 _ DOF 15-09-2017" VB #</Process><Process ToolSource="C:\Program Files (x86)\ArcGIS\Desktop10.0\ArcToolbox\Toolboxes\Data Management Tools.tbx\CalculateField" Date="20171204" Time="162020">CalculateField Reserva_de_Caudales_Merge1_M MOTIVO "APR" VB #</Process><Process ToolSource="C:\Program Files (x86)\ArcGIS\Desktop10.0\ArcToolbox\Toolboxes\Data Management Tools.tbx\CalculateField" Date="20171204" Time="162054">CalculateField Reserva_de_Caudales_Merge1_M MOTIVO "APR" VB #</Process><Process ToolSource="C:\Program Files (x86)\ArcGIS\Desktop10.0\ArcToolbox\Toolboxes\Data Management Tools.tbx\CalculateField" Date="20171204" Time="162334">CalculateField Reserva_de_Caudales_Merge1_M MOTIVO "Abastecimiento" VB #</Process><Process ToolSource="C:\Program Files (x86)\ArcGIS\Desktop10.0\ArcToolbox\Toolboxes\Data Management Tools.tbx\CalculateField" Date="20171204" Time="162412">CalculateField Reserva_de_Caudales_Merge1_M TIPO_RES "APR" VB #</Process><Process ToolSource="C:\Program Files (x86)\ArcGIS\Desktop10.0\ArcToolbox\Toolboxes\Data Management Tools.tbx\CalculateField" Date="20171204" Time="162535">CalculateField Reserva_de_Caudales_Merge1_M TIPO_RES "Ambientales" VB #</Process><Process ToolSource="C:\Program Files (x86)\ArcGIS\Desktop10.0\ArcToolbox\Toolboxes\Data Management Tools.tbx\Merge" Date="20171204" Time="171125">Merge Reserva_de_Caudales_Merge1_M;Pingueral;Export_Output_2_Dissolve E:\Documents\ArcGIS\Default.gdb\Reserva_de_Caudales_Merge1_M2 "NOMBRERESE "NOMBRERESE" true true false 200 Text 0 0 ,First,#,Reserva_de_Caudales_Merge1_M,NOMBRERESE,-1,-1;CODREGION "CODREGION" true true false 50 Text 0 0 ,First,#,Reserva_de_Caudales_Merge1_M,CODREGION,-1,-1;DECRETO_MO "DECRETO_MO" true true false 50 Text 0 0 ,First,#,Reserva_de_Caudales_Merge1_M,DECRETO_MO,-1,-1;PUBLICACIO "PUBLICACIO" true true false 50 Text 0 0 ,First,#,Reserva_de_Caudales_Merge1_M,PUBLICACIO,-1,-1;RAZON "RAZON" true true false 50 Text 0 0 ,First,#,Reserva_de_Caudales_Merge1_M,RAZON,-1,-1;RESOLUCION "RESOLUCION" true true false 50 Text 0 0 ,First,#,Reserva_de_Caudales_Merge1_M,RESOLUCION,-1,-1;FECHA_RES "FECHA_RES" true true false 50 Text 0 0 ,First,#,Reserva_de_Caudales_Merge1_M,FECHA_RES,-1,-1;FECHA_PUB "FECHA_PUB" true true false 50 Text 0 0 ,First,#,Reserva_de_Caudales_Merge1_M,FECHA_PUB,-1,-1;TIPO_RES "TIPO_RES" true true false 50 Text 0 0 ,First,#,Reserva_de_Caudales_Merge1_M,TIPO_RES,-1,-1;Naturaleza "Naturaleza" true true false 50 Text 0 0 ,First,#,Reserva_de_Caudales_Merge1_M,Naturaleza,-1,-1;MOTIVO "MOTIVO" true true false 70 Text 0 0 ,First,#,Reserva_de_Caudales_Merge1_M,MOTIVO,-1,-1;Shape_Length "Shape_Length" false true true 8 Double 0 0 ,First,#,Reserva_de_Caudales_Merge1_M,Shape_Length,-1,-1,Export_Output_2_Dissolve,Shape_Length,-1,-1;Shape_Area "Shape_Area" false true true 8 Double 0 0 ,First,#,Reserva_de_Caudales_Merge1_M,Shape_Area,-1,-1,Export_Output_2_Dissolve,Shape_Area,-1,-1;Complement "Complement" true true false 50 Text 0 0 ,First,#,Reserva_de_Caudales_Merge1_M,Complement,-1,-1;COD_SCUEN "COD_SCUEN" true true false 254 Text 0 0 ,First,#,Pingueral,COD_SCUEN,-1,-1;NOM_SCUEN "NOM_SCUEN" true true false 150 Text 0 0 ,First,#,Export_Output_2_Dissolve,NOM_SCUEN,-1,-1"</Process><Process ToolSource="C:\Program Files (x86)\ArcGIS\Desktop10.0\ArcToolbox\Toolboxes\Data Management Tools.tbx\CalculateField" Date="20171204" Time="171222">CalculateField Reserva_de_Caudales_Merge1_M2 NOMBRERESE "Pingueral" VB #</Process><Process ToolSource="C:\Program Files (x86)\ArcGIS\Desktop10.0\ArcToolbox\Toolboxes\Data Management Tools.tbx\CalculateField" Date="20171204" Time="171234">CalculateField Reserva_de_Caudales_Merge1_M2 CODREGION "VIIIl" VB #</Process><Process ToolSource="C:\Program Files (x86)\ArcGIS\Desktop10.0\ArcToolbox\Toolboxes\Data Management Tools.tbx\CalculateField" Date="20171204" Time="172123">CalculateField Reserva_de_Caudales_Merge1_M2 MOTIVO "Extractivos" VB #</Process><Process ToolSource="C:\Program Files (x86)\ArcGIS\Desktop10.0\ArcToolbox\Toolboxes\Data Management Tools.tbx\CalculateField" Date="20171204" Time="172149">CalculateField Reserva_de_Caudales_Merge1_M2 MOTIVO "Extractivos" VB #</Process><Process ToolSource="C:\Program Files (x86)\ArcGIS\Desktop10.0\ArcToolbox\Toolboxes\Data Management Tools.tbx\CalculateField" Date="20180402" Time="112020">CalculateField Reserva_de_Caudales_septiembre2017 amo "2009" VB #</Process><Process ToolSource="C:\Program Files (x86)\ArcGIS\Desktop10.0\ArcToolbox\Toolboxes\Data Management Tools.tbx\CalculateField" Date="20180402" Time="112050">CalculateField Reserva_de_Caudales_septiembre2017 amo "2014" VB #</Process><Process ToolSource="C:\Program Files (x86)\ArcGIS\Desktop10.0\ArcToolbox\Toolboxes\Data Management Tools.tbx\CalculateField" Date="20180402" Time="112118">CalculateField Reserva_de_Caudales_septiembre2017 amo "2017" VB #</Process><Process ToolSource="C:\Program Files (x86)\ArcGIS\Desktop10.0\ArcToolbox\Toolboxes\Data Management Tools.tbx\CalculateField" Date="20180402" Time="112153">CalculateField Reserva_de_Caudales_septiembre2017 amo "2008" VB #</Process><Process ToolSource="C:\Program Files (x86)\ArcGIS\Desktop10.0\ArcToolbox\Toolboxes\Data Management Tools.tbx\CalculateField" Date="20180402" Time="112215">CalculateField Reserva_de_Caudales_septiembre2017 amo "2013" VB #</Process><Process ToolSource="C:\Program Files (x86)\ArcGIS\Desktop10.0\ArcToolbox\Toolboxes\Data Management Tools.tbx\CalculateField" Date="20180402" Time="112238">CalculateField Reserva_de_Caudales_septiembre2017 amo "2007" VB #</Process><Process ToolSource="C:\Program Files (x86)\ArcGIS\Desktop10.0\ArcToolbox\Toolboxes\Data Management Tools.tbx\CalculateField" Date="20180402" Time="112302">CalculateField Reserva_de_Caudales_septiembre2017 amo "2010" VB #</Process><Process ToolSource="C:\Program Files (x86)\ArcGIS\Desktop10.0\ArcToolbox\Toolboxes\Data Management Tools.tbx\CalculateField" Date="20180402" Time="112336">CalculateField Reserva_de_Caudales_septiembre2017 amo "2014" VB #</Process><Process ToolSource="C:\Program Files (x86)\ArcGIS\Desktop10.0\ArcToolbox\Toolboxes\Data Management Tools.tbx\CalculateField" Date="20180402" Time="112406">CalculateField Reserva_de_Caudales_septiembre2017 amo "2015" VB #</Process><Process ToolSource="C:\Program Files (x86)\ArcGIS\Desktop10.0\ArcToolbox\Toolboxes\Data Management Tools.tbx\CalculateField" Date="20180402" Time="112423">CalculateField Reserva_de_Caudales_septiembre2017 amo "2016" VB #</Process><Process ToolSource="C:\Program Files (x86)\ArcGIS\Desktop10.0\ArcToolbox\Toolboxes\Data Management Tools.tbx\CalculateField" Date="20180402" Time="112436">CalculateField Reserva_de_Caudales_septiembre2017 amo "2016" VB #</Process><Process ToolSource="c:\program files (x86)\arcgis\desktop10.0\ArcToolbox\Toolboxes\Data Management Tools.tbx\Merge" Date="20180402" Time="123747">Merge Reserva_de_Caudales_septiembre2017;Palena_lagos_Dissolve;yel_Dissolve E:\Documents\ArcGIS\Default.gdb\Reserva_de_Caudales_septiemb "OBJECTID "OBJECTID" true true false 9 Long 0 9 ,First,#,Reserva_de_Caudales_septiembre2017,OBJECTID,-1,-1;NOMBRERESE "NOMBRERESE" true true false 200 Text 0 0 ,First,#,Reserva_de_Caudales_septiembre2017,NOMBRERESE,-1,-1;CODREGION "CODREGION" true true false 50 Text 0 0 ,First,#,Reserva_de_Caudales_septiembre2017,CODREGION,-1,-1;DECRETO_MO "DECRETO_MO" true true false 50 Text 0 0 ,First,#,Reserva_de_Caudales_septiembre2017,DECRETO_MO,-1,-1;PUBLICACIO "PUBLICACIO" true true false 50 Text 0 0 ,First,#,Reserva_de_Caudales_septiembre2017,PUBLICACIO,-1,-1;RAZON "RAZON" true true false 50 Text 0 0 ,First,#,Reserva_de_Caudales_septiembre2017,RAZON,-1,-1;RESOLUCION "RESOLUCION" true true false 50 Text 0 0 ,First,#,Reserva_de_Caudales_septiembre2017,RESOLUCION,-1,-1;FECHA_RES "FECHA_RES" true true false 50 Text 0 0 ,First,#,Reserva_de_Caudales_septiembre2017,FECHA_RES,-1,-1;FECHA_PUB "FECHA_PUB" true true false 50 Text 0 0 ,First,#,Reserva_de_Caudales_septiembre2017,FECHA_PUB,-1,-1;TIPO_RES "TIPO_RES" true true false 50 Text 0 0 ,First,#,Reserva_de_Caudales_septiembre2017,TIPO_RES,-1,-1;Naturaleza "Naturaleza" true true false 50 Text 0 0 ,First,#,Reserva_de_Caudales_septiembre2017,Naturaleza,-1,-1;MOTIVO "MOTIVO" true true false 70 Text 0 0 ,First,#,Reserva_de_Caudales_septiembre2017,MOTIVO,-1,-1;Complement "Complement" true true false 50 Text 0 0 ,First,#,Reserva_de_Caudales_septiembre2017,Complement,-1,-1;Shape_Leng "Shape_Leng" true true false 19 Double 0 0 ,First,#,Reserva_de_Caudales_septiembre2017,Shape_Leng,-1,-1;Shape_Area "Shape_Area" true true false 19 Double 0 0 ,First,#,Reserva_de_Caudales_septiembre2017,Shape_Area,-1,-1,Palena_lagos_Dissolve,Shape_Area,-1,-1,yel_Dissolve,Shape_Area,-1,-1;amo "amo" true true false 5 Long 0 5 ,First,#,Reserva_de_Caudales_septiembre2017,amo,-1,-1;COD_CUENCA "COD_CUENCA" true true false 254 Text 0 0 ,First,#,Palena_lagos_Dissolve,COD_CUENCA,-1,-1,yel_Dissolve,COD_CUENCA,-1,-1;Shape_Length "Shape_Length" false true true 8 Double 0 0 ,First,#,Palena_lagos_Dissolve,Shape_Length,-1,-1,yel_Dissolve,Shape_Length,-1,-1"</Process><Process ToolSource="c:\program files (x86)\arcgis\desktop10.0\ArcToolbox\Toolboxes\Data Management Tools.tbx\Merge" Date="20180402" Time="125552">Merge Reserva_de_Caudales_abril2018;acuiferos_estudiados_sep2017 E:\Documents\ArcGIS\Default.gdb\Reserva_de_Caudales_abril2011 "OBJECTID_1 "OBJECTID_1" true true false 9 Long 0 9 ,First,#,Reserva_de_Caudales_abril2018,OBJECTID_1,-1,-1;OBJECTID "OBJECTID" true true false 9 Long 0 9 ,First,#,Reserva_de_Caudales_abril2018,OBJECTID,-1,-1,acuiferos_estudiados_sep2017,OBJECTID,-1,-1;NOMBRERESE "NOMBRERESE" true true false 200 Text 0 0 ,First,#,Reserva_de_Caudales_abril2018,NOMBRERESE,-1,-1;CODREGION "CODREGION" true true false 50 Text 0 0 ,First,#,Reserva_de_Caudales_abril2018,CODREGION,-1,-1;DECRETO_MO "DECRETO_MO" true true false 50 Text 0 0 ,First,#,Reserva_de_Caudales_abril2018,DECRETO_MO,-1,-1;PUBLICACIO "PUBLICACIO" true true false 50 Text 0 0 ,First,#,Reserva_de_Caudales_abril2018,PUBLICACIO,-1,-1;RAZON "RAZON" true true false 50 Text 0 0 ,First,#,Reserva_de_Caudales_abril2018,RAZON,-1,-1;RESOLUCION "RESOLUCION" true true false 50 Text 0 0 ,First,#,Reserva_de_Caudales_abril2018,RESOLUCION,-1,-1;FECHA_RES "FECHA_RES" true true false 50 Text 0 0 ,First,#,Reserva_de_Caudales_abril2018,FECHA_RES,-1,-1;FECHA_PUB "FECHA_PUB" true true false 50 Text 0 0 ,First,#,Reserva_de_Caudales_abril2018,FECHA_PUB,-1,-1;TIPO_RES "TIPO_RES" true true false 50 Text 0 0 ,First,#,Reserva_de_Caudales_abril2018,TIPO_RES,-1,-1;Naturaleza "Naturaleza" true true false 50 Text 0 0 ,First,#,Reserva_de_Caudales_abril2018,Naturaleza,-1,-1;MOTIVO "MOTIVO" true true false 70 Text 0 0 ,First,#,Reserva_de_Caudales_abril2018,MOTIVO,-1,-1;Complement "Complement" true true false 50 Text 0 0 ,First,#,Reserva_de_Caudales_abril2018,Complement,-1,-1;Shape_Leng "Shape_Leng" true true false 19 Double 0 0 ,First,#,Reserva_de_Caudales_abril2018,Shape_Leng,-1,-1;amo "amo" true true false 9 Long 0 9 ,First,#,Reserva_de_Caudales_abril2018,amo,-1,-1;COD_CUENCA "COD_CUENCA" true true false 254 Text 0 0 ,First,#,Reserva_de_Caudales_abril2018,COD_CUENCA,-1,-1;Shape_Le_1 "Shape_Le_1" true true false 19 Double 0 0 ,First,#,Reserva_de_Caudales_abril2018,Shape_Le_1,-1,-1;Shape_Area "Shape_Area" true true false 19 Double 0 0 ,First,#,Reserva_de_Caudales_abril2018,Shape_Area,-1,-1;REGION "REGION" true true false 16 Text 0 0 ,First,#,acuiferos_estudiados_sep2017,REGION,-1,-1;ACUIFERO "ACUIFERO" true true false 254 Text 0 0 ,First,#,acuiferos_estudiados_sep2017,ACUIFERO,-1,-1;SECTOR "SECTOR" true true false 254 Text 0 0 ,First,#,acuiferos_estudiados_sep2017,SECTOR,-1,-1;TIPO_Limit "TIPO_Limit" true true false 254 Text 0 0 ,First,#,acuiferos_estudiados_sep2017,TIPO_Limit,-1,-1;RESOL "RESOL" true true false 254 Text 0 0 ,First,#,acuiferos_estudiados_sep2017,RESOL,-1,-1;Fecha_Reso "Fecha_Reso" true true false 254 Text 0 0 ,First,#,acuiferos_estudiados_sep2017,Fecha_Reso,-1,-1;TOMA_RAZON "TOMA_RAZON" true true false 254 Text 0 0 ,First,#,acuiferos_estudiados_sep2017,TOMA_RAZON,-1,-1;Fecha_publ "Fecha_publ" true true false 8 Date 0 0 ,First,#,acuiferos_estudiados_sep2017,Fecha_publ,-1,-1;Res_Modifi "Res_Modifi" true true false 254 Text 0 0 ,First,#,acuiferos_estudiados_sep2017,Res_Modifi,-1,-1;Pub_modi "Pub_modi" true true false 254 Text 0 0 ,First,#,acuiferos_estudiados_sep2017,Pub_modi,-1,-1;Cuenca "Cuenca" true true false 50 Text 0 0 ,First,#,acuiferos_estudiados_sep2017,Cuenca,-1,-1;APR "APR" true true false 50 Text 0 0 ,First,#,acuiferos_estudiados_sep2017,APR,-1,-1;Provisiona "Provisiona" true true false 5 Text 0 0 ,First,#,acuiferos_estudiados_sep2017,Provisiona,-1,-1;Sobreotorg "Sobreotorg" true true false 5 Text 0 0 ,First,#,acuiferos_estudiados_sep2017,Sobreotorg,-1,-1;a_km2 "a_km2" true true false 19 Double 0 0 ,First,#,acuiferos_estudiados_sep2017,a_km2,-1,-1;Ley20411 "Ley20411" true true false 10 Text 0 0 ,First,#,acuiferos_estudiados_sep2017,Ley20411,-1,-1;TipoEstudi "TipoEstudi" true true false 50 Text 0 0 ,First,#,acuiferos_estudiados_sep2017,TipoEstudi,-1,-1;año "año" true true false 6 Long 0 6 ,First,#,acuiferos_estudiados_sep2017,año,-1,-1"</Process><Process ToolSource="C:\Program Files (x86)\ArcGIS\Desktop10.0\ArcToolbox\Toolboxes\Data Management Tools.tbx\CalculateField" Date="20180402" Time="153833">CalculateField Reserva_de_Caudales_abril2018 NOMBRERESE "Rio Palena" VB #</Process><Process ToolSource="C:\Program Files (x86)\ArcGIS\Desktop10.0\ArcToolbox\Toolboxes\Data Management Tools.tbx\CalculateField" Date="20180402" Time="153905">CalculateField Reserva_de_Caudales_abril2018 CODREGION "X" VB #</Process><Process ToolSource="C:\Program Files (x86)\ArcGIS\Desktop10.0\ArcToolbox\Toolboxes\Data Management Tools.tbx\CalculateField" Date="20180402" Time="160551">CalculateField Reserva_de_Caudales_abril2018 DECRETO_MO "X" VB #</Process><Process ToolSource="C:\Program Files (x86)\ArcGIS\Desktop10.0\ArcToolbox\Toolboxes\Data Management Tools.tbx\CalculateField" Date="20180402" Time="160842">CalculateField Reserva_de_Caudales_abril2018 DECRETO_MO "N°38 del 22-02-2018" VB #</Process><Process ToolSource="C:\Program Files (x86)\ArcGIS\Desktop10.0\ArcToolbox\Toolboxes\Data Management Tools.tbx\CalculateField" Date="20180404" Time="112421">CalculateField Reserva_de_Caudales_abril2018 DECRETO_MO "N° 1032 del 04-09-2017" VB #</Process><Process ToolSource="C:\Program Files (x86)\ArcGIS\Desktop10.0\ArcToolbox\Toolboxes\Data Management Tools.tbx\CalculateField" Date="20180404" Time="112456">CalculateField Reserva_de_Caudales_abril2018 PUBLICACIO "15-09-2017" VB #</Process><Process ToolSource="C:\Program Files (x86)\ArcGIS\Desktop10.0\ArcToolbox\Toolboxes\Data Management Tools.tbx\CalculateField" Date="20180404" Time="112517">CalculateField Reserva_de_Caudales_abril2018 RESOLUCION "1032" VB #</Process><Process ToolSource="C:\Program Files (x86)\ArcGIS\Desktop10.0\ArcToolbox\Toolboxes\Data Management Tools.tbx\CalculateField" Date="20180404" Time="112548">CalculateField Reserva_de_Caudales_abril2018 FECHA_RES "04-09-2017" VB #</Process><Process ToolSource="C:\Program Files (x86)\ArcGIS\Desktop10.0\ArcToolbox\Toolboxes\Data Management Tools.tbx\CalculateField" Date="20180404" Time="112609">CalculateField Reserva_de_Caudales_abril2018 FECHA_PUB "15-09-2017" VB #</Process><Process ToolSource="C:\Program Files (x86)\ArcGIS\Desktop10.0\ArcToolbox\Toolboxes\Data Management Tools.tbx\CalculateField" Date="20180404" Time="112629">CalculateField Reserva_de_Caudales_abril2018 Complement "" VB #</Process><Process ToolSource="C:\Program Files (x86)\ArcGIS\Desktop10.0\ArcToolbox\Toolboxes\Data Management Tools.tbx\CalculateField" Date="20180404" Time="112723">CalculateField Reserva_de_Caudales_abril2018 REGION "[CODREGION] " VB #</Process><Process ToolSource="C:\Program Files (x86)\ArcGIS\Desktop10.0\ArcToolbox\Toolboxes\Data Management Tools.tbx\CalculateField" Date="20180404" Time="112837">CalculateField Reserva_de_Caudales_abril2018 año [amo] VB #</Process><Process ToolSource="C:\Program Files (x86)\ArcGIS\Desktop10.0\ArcToolbox\Toolboxes\Data Management Tools.tbx\CalculateField" Date="20180404" Time="112857">CalculateField Reserva_de_Caudales_abril2018 año "2018" VB #</Process><Process ToolSource="C:\Program Files (x86)\ArcGIS\Desktop10.0\ArcToolbox\Toolboxes\Data Management Tools.tbx\CalculateField" Date="20180404" Time="112955">CalculateField Reserva_de_Caudales_abril2018 REGION "Tarapacá" VB #</Process><Process ToolSource="C:\Program Files (x86)\ArcGIS\Desktop10.0\ArcToolbox\Toolboxes\Data Management Tools.tbx\CalculateField" Date="20180404" Time="113044">CalculateField Reserva_de_Caudales_abril2018 REGION "Araucania" VB #</Process><Process ToolSource="C:\Program Files (x86)\ArcGIS\Desktop10.0\ArcToolbox\Toolboxes\Data Management Tools.tbx\CalculateField" Date="20180404" Time="113106">CalculateField Reserva_de_Caudales_abril2018 REGION "Metropolitana" VB #</Process><Process ToolSource="C:\Program Files (x86)\ArcGIS\Desktop10.0\ArcToolbox\Toolboxes\Data Management Tools.tbx\CalculateField" Date="20180404" Time="113131">CalculateField Reserva_de_Caudales_abril2018 REGION "Tarapaca" VB #</Process><Process ToolSource="C:\Program Files (x86)\ArcGIS\Desktop10.0\ArcToolbox\Toolboxes\Data Management Tools.tbx\CalculateField" Date="20180404" Time="113216">CalculateField Reserva_de_Caudales_abril2018 REGION "OHiggins" VB #</Process><Process ToolSource="C:\Program Files (x86)\ArcGIS\Desktop10.0\ArcToolbox\Toolboxes\Data Management Tools.tbx\CalculateField" Date="20180404" Time="113235">CalculateField Reserva_de_Caudales_abril2018 REGION "Maule" VB #</Process><Process ToolSource="C:\Program Files (x86)\ArcGIS\Desktop10.0\ArcToolbox\Toolboxes\Data Management Tools.tbx\CalculateField" Date="20180404" Time="113339">CalculateField Reserva_de_Caudales_abril2018 REGION "BioBio" VB #</Process><Process ToolSource="C:\Program Files (x86)\ArcGIS\Desktop10.0\ArcToolbox\Toolboxes\Data Management Tools.tbx\CalculateField" Date="20180404" Time="113351">CalculateField Reserva_de_Caudales_abril2018 REGION "BioBio" VB #</Process><Process ToolSource="C:\Program Files (x86)\ArcGIS\Desktop10.0\ArcToolbox\Toolboxes\Data Management Tools.tbx\CalculateField" Date="20180404" Time="113405">CalculateField Reserva_de_Caudales_abril2018 REGION "Maule" VB #</Process><Process ToolSource="C:\Program Files (x86)\ArcGIS\Desktop10.0\ArcToolbox\Toolboxes\Data Management Tools.tbx\CalculateField" Date="20180404" Time="113432">CalculateField Reserva_de_Caudales_abril2018 REGION "Los Lagos" VB #</Process><Process ToolSource="C:\Program Files (x86)\ArcGIS\Desktop10.0\ArcToolbox\Toolboxes\Data Management Tools.tbx\CalculateField" Date="20180404" Time="113508">CalculateField Reserva_de_Caudales_abril2018 REGION "Aisen" VB #</Process><Process ToolSource="C:\Program Files (x86)\ArcGIS\Desktop10.0\ArcToolbox\Toolboxes\Data Management Tools.tbx\CalculateField" Date="20180404" Time="113524">CalculateField Reserva_de_Caudales_abril2018 REGION "Magallanes" VB #</Process><Process ToolSource="C:\Program Files (x86)\ArcGIS\Desktop10.0\ArcToolbox\Toolboxes\Data Management Tools.tbx\CalculateField" Date="20180404" Time="113718">CalculateField Reserva_de_Caudales_abril2018 Naturaleza "Subterraneo" VB #</Process><Process ToolSource="C:\Program Files (x86)\ArcGIS\Desktop10.0\ArcToolbox\Toolboxes\Data Management Tools.tbx\CalculateField" Date="20180404" Time="113736">CalculateField Reserva_de_Caudales_abril2018 Naturaleza "Superficial" VB #</Process><Process ToolSource="C:\Program Files (x86)\ArcGIS\Desktop10.0\ArcToolbox\Toolboxes\Data Management Tools.tbx\CalculateField" Date="20180404" Time="113803">CalculateField Reserva_de_Caudales_abril2018 MOTIVO "Extractivos" VB #</Process><Process ToolSource="C:\Program Files (x86)\ArcGIS\Desktop10.0\ArcToolbox\Toolboxes\Data Management Tools.tbx\CalculateField" Date="20180404" Time="113817">CalculateField Reserva_de_Caudales_abril2018 RAZON "Extractivos" VB #</Process><Process ToolSource="C:\Program Files (x86)\ArcGIS\Desktop10.0\ArcToolbox\Toolboxes\Data Management Tools.tbx\CalculateField" Date="20180404" Time="113843">CalculateField Reserva_de_Caudales_abril2018 RESOLUCION "50" VB #</Process><Process ToolSource="C:\Program Files (x86)\ArcGIS\Desktop10.0\ArcToolbox\Toolboxes\Data Management Tools.tbx\CalculateField" Date="20180404" Time="113857">CalculateField Reserva_de_Caudales_abril2018 FECHA_RES "26-02-2018" VB #</Process><Process ToolSource="C:\Program Files (x86)\ArcGIS\Desktop10.0\ArcToolbox\Toolboxes\Data Management Tools.tbx\CalculateField" Date="20180404" Time="113913">CalculateField Reserva_de_Caudales_abril2018 FECHA_PUB "15-03-2018" VB #</Process><Process ToolSource="C:\Program Files (x86)\ArcGIS\Desktop10.0\ArcToolbox\Toolboxes\Data Management Tools.tbx\CalculateField" Date="20180404" Time="113933">CalculateField Reserva_de_Caudales_abril2018 TIPO_RES "Extractivos" VB #</Process><Process ToolSource="C:\Program Files (x86)\ArcGIS\Desktop10.0\ArcToolbox\Toolboxes\Data Management Tools.tbx\CalculateField" Date="20180404" Time="114014">CalculateField Reserva_de_Caudales_abril2018 TIPO_RES "Extractivos" VB #</Process><Process ToolSource="C:\Program Files (x86)\ArcGIS\Desktop10.0\ArcToolbox\Toolboxes\Data Management Tools.tbx\CalculateField" Date="20180404" Time="114148">CalculateField Reserva_de_Caudales_abril2018 RESOLUCION "38" VB #</Process><Process ToolSource="C:\Program Files (x86)\ArcGIS\Desktop10.0\ArcToolbox\Toolboxes\Data Management Tools.tbx\CalculateField" Date="20180404" Time="114208">CalculateField Reserva_de_Caudales_abril2018 FECHA_RES "22-02-2018" VB #</Process><Process ToolSource="C:\Program Files (x86)\ArcGIS\Desktop10.0\ArcToolbox\Toolboxes\Data Management Tools.tbx\CalculateField" Date="20180404" Time="114234">CalculateField Reserva_de_Caudales_abril2018 FECHA_PUB "15-03-2018" VB #</Process><Process ToolSource="C:\Program Files (x86)\ArcGIS\Desktop10.0\ArcToolbox\Toolboxes\Data Management Tools.tbx\CalculateField" Date="20180404" Time="114255">CalculateField Reserva_de_Caudales_abril2018 RESOLUCION "62" VB #</Process><Process ToolSource="C:\Program Files (x86)\ArcGIS\Desktop10.0\ArcToolbox\Toolboxes\Data Management Tools.tbx\CalculateField" Date="20180404" Time="114310">CalculateField Reserva_de_Caudales_abril2018 FECHA_RES "08-03-2018" VB #</Process><Process ToolSource="C:\Program Files (x86)\ArcGIS\Desktop10.0\ArcToolbox\Toolboxes\Data Management Tools.tbx\CalculateField" Date="20180404" Time="114356">CalculateField Reserva_de_Caudales_abril2018 FECHA_PUB "02-04-2018" VB #</Process><Process ToolSource="C:\Program Files (x86)\ArcGIS\Desktop10.0\ArcToolbox\Toolboxes\Data Management Tools.tbx\CalculateField" Date="20180404" Time="114433">CalculateField Reserva_de_Caudales_abril2018 IT "324" VB #</Process><Process ToolSource="C:\Program Files (x86)\ArcGIS\Desktop10.0\ArcToolbox\Toolboxes\Data Management Tools.tbx\CalculateField" Date="20180404" Time="114455">CalculateField Reserva_de_Caudales_abril2018 IT "324 del 09-10-2013" VB #</Process><Process ToolSource="C:\Program Files (x86)\ArcGIS\Desktop10.0\ArcToolbox\Toolboxes\Data Management Tools.tbx\CalculateField" Date="20180404" Time="114511">CalculateField Reserva_de_Caudales_abril2018 IT "324 del 09-10-2013" VB #</Process><Process ToolSource="C:\Program Files (x86)\ArcGIS\Desktop10.0\ArcToolbox\Toolboxes\Data Management Tools.tbx\CalculateField" Date="20180404" Time="114539">CalculateField Reserva_de_Caudales_abril2018 IT "2 del 14-03-2007" VB #</Process><Process ToolSource="C:\Program Files (x86)\ArcGIS\Desktop10.0\ArcToolbox\Toolboxes\Data Management Tools.tbx\CalculateField" Date="20180404" Time="114603">CalculateField Reserva_de_Caudales_abril2018 IT "74 del 15-04-2013" VB #</Process><Process ToolSource="C:\Program Files (x86)\ArcGIS\Desktop10.0\ArcToolbox\Toolboxes\Data Management Tools.tbx\CalculateField" Date="20180404" Time="114635">CalculateField Reserva_de_Caudales_abril2018 IT "56 del 08-03-2016" VB #</Process><Process ToolSource="C:\Program Files (x86)\ArcGIS\Desktop10.0\ArcToolbox\Toolboxes\Data Management Tools.tbx\CalculateField" Date="20180404" Time="114647">CalculateField Reserva_de_Caudales_abril2018 IT "57 del 08-03-2016" VB #</Process><Process ToolSource="C:\Program Files (x86)\ArcGIS\Desktop10.0\ArcToolbox\Toolboxes\Data Management Tools.tbx\CalculateField" Date="20180404" Time="114713">CalculateField Reserva_de_Caudales_abril2018 IT "203 del 05-06-2017" VB #</Process><Process ToolSource="C:\Program Files (x86)\ArcGIS\Desktop10.0\ArcToolbox\Toolboxes\Data Management Tools.tbx\CalculateField" Date="20180404" Time="114801">CalculateField Reserva_de_Caudales_abril2018 IT "278 del 04-09-2013" VB #</Process><Process ToolSource="C:\Program Files (x86)\ArcGIS\Desktop10.0\ArcToolbox\Toolboxes\Data Management Tools.tbx\CalculateField" Date="20180404" Time="114820">CalculateField Reserva_de_Caudales_abril2018 IT "279 del 04-09-2013" VB #</Process><Process ToolSource="C:\Program Files (x86)\ArcGIS\Desktop10.0\ArcToolbox\Toolboxes\Data Management Tools.tbx\CalculateField" Date="20180404" Time="114849">CalculateField Reserva_de_Caudales_abril2018 IT "27 del 03-02-2014" VB #</Process><Process ToolSource="C:\Program Files (x86)\ArcGIS\Desktop10.0\ArcToolbox\Toolboxes\Data Management Tools.tbx\CalculateField" Date="20180404" Time="114904">CalculateField Reserva_de_Caudales_abril2018 IT "28 del 03-02-2014" VB #</Process><Process ToolSource="C:\Program Files (x86)\ArcGIS\Desktop10.0\ArcToolbox\Toolboxes\Data Management Tools.tbx\CalculateField" Date="20180404" Time="114936">CalculateField Reserva_de_Caudales_abril2018 IT "243 del 01-08-2016" VB #</Process><Process ToolSource="C:\Program Files (x86)\ArcGIS\Desktop10.0\ArcToolbox\Toolboxes\Data Management Tools.tbx\CalculateField" Date="20180404" Time="115000">CalculateField Reserva_de_Caudales_abril2018 IT "338 del 06-11-2015" VB #</Process><Process ToolSource="C:\Program Files (x86)\ArcGIS\Desktop10.0\ArcToolbox\Toolboxes\Data Management Tools.tbx\CalculateField" Date="20180404" Time="115105">CalculateField Reserva_de_Caudales_abril2018 IT "264 del 22-08-2016" VB #</Process><Process ToolSource="C:\Program Files (x86)\ArcGIS\Desktop10.0\ArcToolbox\Toolboxes\Data Management Tools.tbx\CalculateField" Date="20180404" Time="115137">CalculateField Reserva_de_Caudales_abril2018 IT "3 del 23-09-2009" VB #</Process><Process ToolSource="C:\Program Files (x86)\ArcGIS\Desktop10.0\ArcToolbox\Toolboxes\Data Management Tools.tbx\CalculateField" Date="20180404" Time="115201">CalculateField Reserva_de_Caudales_abril2018 IT "282 del 06-09-2016" VB #</Process><Process ToolSource="C:\Program Files (x86)\ArcGIS\Desktop10.0\ArcToolbox\Toolboxes\Data Management Tools.tbx\CalculateField" Date="20180404" Time="115224">CalculateField Reserva_de_Caudales_abril2018 IT "2 del 01-08-2009" VB #</Process><Process ToolSource="C:\Program Files (x86)\ArcGIS\Desktop10.0\ArcToolbox\Toolboxes\Data Management Tools.tbx\CalculateField" Date="20180404" Time="115452">CalculateField Reserva_de_Caudales_abril2018 IT "48 del 03-04-2013" VB #</Process><Process ToolSource="C:\Program Files (x86)\ArcGIS\Desktop10.0\ArcToolbox\Toolboxes\Data Management Tools.tbx\CalculateField" Date="20180404" Time="115551">CalculateField Reserva_de_Caudales_abril2018 IT "9 del 20-08-2008" VB #</Process><Process ToolSource="C:\Program Files (x86)\ArcGIS\Desktop10.0\ArcToolbox\Toolboxes\Data Management Tools.tbx\CalculateField" Date="20180404" Time="115621">CalculateField Reserva_de_Caudales_abril2018 IT "393 del 30-11-2017" VB #</Process><Process ToolSource="C:\Program Files (x86)\ArcGIS\Desktop10.0\ArcToolbox\Toolboxes\Data Management Tools.tbx\CalculateField" Date="20180404" Time="115659">CalculateField Reserva_de_Caudales_abril2018 IT "4 del 01-10-2009" VB #</Process><Process ToolSource="C:\Program Files (x86)\ArcGIS\Desktop10.0\ArcToolbox\Toolboxes\Data Management Tools.tbx\CalculateField" Date="20180404" Time="115737">CalculateField Reserva_de_Caudales_abril2018 IT "257 del 21-07-2006" VB #</Process><Process ToolSource="C:\Program Files (x86)\ArcGIS\Desktop10.0\ArcToolbox\Toolboxes\Data Management Tools.tbx\CalculateField" Date="20180404" Time="115813">CalculateField Reserva_de_Caudales_abril2018 IT "1 del 06-03-2007" VB #</Process><Process ToolSource="C:\Program Files (x86)\ArcGIS\Desktop10.0\ArcToolbox\Toolboxes\Data Management Tools.tbx\CalculateField" Date="20180404" Time="115838">CalculateField Reserva_de_Caudales_abril2018 IT "19 del 18-02-2015" VB #</Process><Process ToolSource="C:\Program Files (x86)\ArcGIS\Desktop10.0\ArcToolbox\Toolboxes\Data Management Tools.tbx\CalculateField" Date="20180404" Time="115951">CalculateField Reserva_de_Caudales_abril2018 IT "173 del 08-06-2016" VB #</Process><Process ToolSource="C:\Program Files (x86)\ArcGIS\Desktop10.0\ArcToolbox\Toolboxes\Data Management Tools.tbx\CalculateField" Date="20180404" Time="120016">CalculateField Reserva_de_Caudales_abril2018 IT "405 del 28-12-2018" VB #</Process><Process ToolSource="C:\Program Files (x86)\ArcGIS\Desktop10.0\ArcToolbox\Toolboxes\Data Management Tools.tbx\CalculateField" Date="20180404" Time="120032">CalculateField Reserva_de_Caudales_abril2018 IT "406 del 28-12-2018" VB #</Process><Process ToolSource="C:\Program Files (x86)\ArcGIS\Desktop10.0\ArcToolbox\Toolboxes\Data Management Tools.tbx\CalculateField" Date="20180404" Time="120139">CalculateField Reserva_de_Caudales_abril2018 IT "245 del 30-06-2017" VB #</Process><Process ToolSource="C:\Program Files (x86)\ArcGIS\Desktop10.0\ArcToolbox\Toolboxes\Data Management Tools.tbx\CalculateField" Date="20180404" Time="120227">CalculateField Reserva_de_Caudales_abril2018 IT "120 del 08-09-2009" VB #</Process><Process ToolSource="C:\Program Files (x86)\ArcGIS\Desktop10.0\ArcToolbox\Toolboxes\Data Management Tools.tbx\CalculateField" Date="20180404" Time="123108">CalculateField Reserva_de_Caudales_abril2018 IT "2 del 08-09-2009" VB #</Process><Process ToolSource="C:\Program Files (x86)\ArcGIS\Desktop10.0\ArcToolbox\Toolboxes\Data Management Tools.tbx\CalculateField" Date="20180404" Time="123136">CalculateField Reserva_de_Caudales_abril2018 IT "5 del 01-10-2009" VB #</Process><Process ToolSource="C:\Program Files (x86)\ArcGIS\Desktop10.0\ArcToolbox\Toolboxes\Data Management Tools.tbx\CalculateField" Date="20180404" Time="123216">CalculateField Reserva_de_Caudales_abril2018 IT "145 del 12-09-2008" VB #</Process><Process ToolSource="C:\Program Files (x86)\ArcGIS\Desktop10.0\ArcToolbox\Toolboxes\Data Management Tools.tbx\CalculateField" Date="20180404" Time="150922">CalculateField Reserva_de_Caudales_abril2018 IT "21 del 07-03-2008" VB #</Process><Process ToolSource="C:\Program Files (x86)\ArcGIS\Desktop10.0\ArcToolbox\Toolboxes\Data Management Tools.tbx\CalculateField" Date="20180404" Time="150957">CalculateField Reserva_de_Caudales_abril2018 IT "2 del 16-01-2015" VB #</Process><Process ToolSource="C:\Program Files (x86)\ArcGIS\Desktop10.0\ArcToolbox\Toolboxes\Data Management Tools.tbx\CalculateField" Date="20180404" Time="151032">CalculateField Reserva_de_Caudales_abril2018 IT "6 del 01-10-2009" VB #</Process><Process ToolSource="C:\Program Files (x86)\ArcGIS\Desktop10.0\ArcToolbox\Toolboxes\Data Management Tools.tbx\CalculateField" Date="20180404" Time="151101">CalculateField Reserva_de_Caudales_abril2018 IT "254 del 13-07-2017" VB #</Process><Process ToolSource="C:\Program Files (x86)\ArcGIS\Desktop10.0\ArcToolbox\Toolboxes\Data Management Tools.tbx\CalculateField" Date="20180404" Time="151132">CalculateField Reserva_de_Caudales_abril2018 IT "03 del 16-01-2015" VB #</Process><Process ToolSource="C:\Program Files (x86)\ArcGIS\Desktop10.0\ArcToolbox\Toolboxes\Data Management Tools.tbx\CalculateField" Date="20180404" Time="151156">CalculateField Reserva_de_Caudales_abril2018 IT "02 del 16-01-2015" VB #</Process><Process ToolSource="C:\Program Files (x86)\ArcGIS\Desktop10.0\ArcToolbox\Toolboxes\Data Management Tools.tbx\CalculateField" Date="20180404" Time="151211">CalculateField Reserva_de_Caudales_abril2018 IT "04 del 01-10-2009" VB #</Process><Process ToolSource="C:\Program Files (x86)\ArcGIS\Desktop10.0\ArcToolbox\Toolboxes\Data Management Tools.tbx\CalculateField" Date="20180404" Time="151230">CalculateField Reserva_de_Caudales_abril2018 IT "01 del 06-03-2007" VB #</Process><Process ToolSource="C:\Program Files (x86)\ArcGIS\Desktop10.0\ArcToolbox\Toolboxes\Data Management Tools.tbx\CalculateField" Date="20180404" Time="151248">CalculateField Reserva_de_Caudales_abril2018 IT "03 del 23-09-2009" VB #</Process><Process ToolSource="C:\Program Files (x86)\ArcGIS\Desktop10.0\ArcToolbox\Toolboxes\Data Management Tools.tbx\CalculateField" Date="20180404" Time="151306">CalculateField Reserva_de_Caudales_abril2018 IT "02 del 14-03-2007" VB #</Process><Process ToolSource="c:\program files (x86)\arcgis\desktop10.0\ArcToolbox\Toolboxes\Data Management Tools.tbx\Merge" Date="20180607" Time="121839">Merge Reserva_de_Caudales_abril2018;sector E:\Documents\ArcGIS\Default.gdb\Reserva_de_Caudales_abril2015 "OBJECTID "OBJECTID" true true false 9 Long 0 9 ,First,#,Reserva_de_Caudales_abril2018,OBJECTID,-1,-1,sector,OBJECTID,-1,-1;NOMBRERESE "NOMBRERESE" true true false 200 Text 0 0 ,First,#,Reserva_de_Caudales_abril2018,NOMBRERESE,-1,-1;CODREGION "CODREGION" true true false 50 Text 0 0 ,First,#,Reserva_de_Caudales_abril2018,CODREGION,-1,-1;DECRETO_MO "DECRETO_MO" true true false 50 Text 0 0 ,First,#,Reserva_de_Caudales_abril2018,DECRETO_MO,-1,-1;PUBLICACIO "PUBLICACIO" true true false 50 Text 0 0 ,First,#,Reserva_de_Caudales_abril2018,PUBLICACIO,-1,-1;RAZON "RAZON" true true false 50 Text 0 0 ,First,#,Reserva_de_Caudales_abril2018,RAZON,-1,-1;RESOLUCION "RESOLUCION" true true false 50 Text 0 0 ,First,#,Reserva_de_Caudales_abril2018,RESOLUCION,-1,-1;FECHA_RES "FECHA_RES" true true false 50 Text 0 0 ,First,#,Reserva_de_Caudales_abril2018,FECHA_RES,-1,-1;FECHA_PUB "FECHA_PUB" true true false 50 Text 0 0 ,First,#,Reserva_de_Caudales_abril2018,FECHA_PUB,-1,-1;TIPO_RES "TIPO_RES" true true false 50 Text 0 0 ,First,#,Reserva_de_Caudales_abril2018,TIPO_RES,-1,-1;Naturaleza "Naturaleza" true true false 50 Text 0 0 ,First,#,Reserva_de_Caudales_abril2018,Naturaleza,-1,-1;MOTIVO "MOTIVO" true true false 70 Text 0 0 ,First,#,Reserva_de_Caudales_abril2018,MOTIVO,-1,-1;Complement "Complement" true true false 50 Text 0 0 ,First,#,Reserva_de_Caudales_abril2018,Complement,-1,-1;REGION "REGION" true true false 16 Text 0 0 ,First,#,Reserva_de_Caudales_abril2018,REGION,-1,-1,sector,REGION,-1,-1;a_km2 "a_km2" true true false 19 Double 0 0 ,First,#,Reserva_de_Caudales_abril2018,a_km2,-1,-1,sector,a_km2,-1,-1;año "año" true true false 9 Long 0 9 ,First,#,Reserva_de_Caudales_abril2018,año,-1,-1,sector,año,-1,-1;Shape_Area "Shape_Area" true true false 19 Double 0 0 ,First,#,Reserva_de_Caudales_abril2018,Shape_Area,-1,-1;IT "IT" true true false 50 Text 0 0 ,First,#,Reserva_de_Caudales_abril2018,IT,-1,-1;D_Reservad "D_Reservad" true true false 50 Text 0 0 ,First,#,Reserva_de_Caudales_abril2018,D_Reservad,-1,-1;ACUIFERO "ACUIFERO" true true false 254 Text 0 0 ,First,#,sector,ACUIFERO,-1,-1;SECTOR "SECTOR" true true false 254 Text 0 0 ,First,#,sector,SECTOR,-1,-1;TIPO_Limit "TIPO_Limit" true true false 254 Text 0 0 ,First,#,sector,TIPO_Limit,-1,-1;RESOL "RESOL" true true false 254 Text 0 0 ,First,#,sector,RESOL,-1,-1;Fecha_Reso "Fecha_Reso" true true false 254 Text 0 0 ,First,#,sector,Fecha_Reso,-1,-1;TOMA_RAZON "TOMA_RAZON" true true false 254 Text 0 0 ,First,#,sector,TOMA_RAZON,-1,-1;Fecha_publ "Fecha_publ" true true false 8 Date 0 0 ,First,#,sector,Fecha_publ,-1,-1;Res_Modifi "Res_Modifi" true true false 254 Text 0 0 ,First,#,sector,Res_Modifi,-1,-1;Pub_modi "Pub_modi" true true false 254 Text 0 0 ,First,#,sector,Pub_modi,-1,-1;Cuenca "Cuenca" true true false 50 Text 0 0 ,First,#,sector,Cuenca,-1,-1;APR "APR" true true false 50 Text 0 0 ,First,#,sector,APR,-1,-1;Provisiona "Provisiona" true true false 5 Text 0 0 ,First,#,sector,Provisiona,-1,-1;Sobreotorg "Sobreotorg" true true false 5 Text 0 0 ,First,#,sector,Sobreotorg,-1,-1;Ley20411 "Ley20411" true true false 10 Text 0 0 ,First,#,sector,Ley20411,-1,-1;TipoEstudi "TipoEstudi" true true false 50 Text 0 0 ,First,#,sector,TipoEstudi,-1,-1"</Process><Process ToolSource="C:\Program Files (x86)\ArcGIS\Desktop10.0\ArcToolbox\Toolboxes\Data Management Tools.tbx\CalculateField" Date="20180607" Time="122533">CalculateField Reserva_de_Caudales_junio2018 NOMBRERESE "Estero Hidango" VB #</Process><Process ToolSource="C:\Program Files (x86)\ArcGIS\Desktop10.0\ArcToolbox\Toolboxes\Data Management Tools.tbx\CalculateField" Date="20180607" Time="122543">CalculateField Reserva_de_Caudales_junio2018 CODREGION "VI" VB #</Process><Process ToolSource="C:\Program Files (x86)\ArcGIS\Desktop10.0\ArcToolbox\Toolboxes\Data Management Tools.tbx\CalculateField" Date="20180607" Time="122615">CalculateField Reserva_de_Caudales_junio2018 PUBLICACIO "27-04-2018" VB #</Process><Process ToolSource="C:\Program Files (x86)\ArcGIS\Desktop10.0\ArcToolbox\Toolboxes\Data Management Tools.tbx\CalculateField" Date="20180607" Time="122631">CalculateField Reserva_de_Caudales_junio2018 FECHA_RES "27-04-2018" VB #</Process><Process ToolSource="C:\Program Files (x86)\ArcGIS\Desktop10.0\ArcToolbox\Toolboxes\Data Management Tools.tbx\CalculateField" Date="20180607" Time="122643">CalculateField Reserva_de_Caudales_junio2018 PUBLICACIO "01-06-2018" VB #</Process><Process ToolSource="C:\Program Files (x86)\ArcGIS\Desktop10.0\ArcToolbox\Toolboxes\Data Management Tools.tbx\CalculateField" Date="20180607" Time="122652">CalculateField Reserva_de_Caudales_junio2018 FECHA_PUB "01-06-2018" VB #</Process><Process ToolSource="C:\Program Files (x86)\ArcGIS\Desktop10.0\ArcToolbox\Toolboxes\Data Management Tools.tbx\CalculateField" Date="20180607" Time="122721">CalculateField Reserva_de_Caudales_junio2018 DECRETO_MO "N°293 del 27-04-2018" VB #</Process><Process ToolSource="C:\Program Files (x86)\ArcGIS\Desktop10.0\ArcToolbox\Toolboxes\Data Management Tools.tbx\CalculateField" Date="20180607" Time="122741">CalculateField Reserva_de_Caudales_junio2018 RAZON "Extractivos" VB #</Process><Process ToolSource="C:\Program Files (x86)\ArcGIS\Desktop10.0\ArcToolbox\Toolboxes\Data Management Tools.tbx\CalculateField" Date="20180607" Time="122753">CalculateField Reserva_de_Caudales_junio2018 RESOLUCION "293" VB #</Process><Process ToolSource="C:\Program Files (x86)\ArcGIS\Desktop10.0\ArcToolbox\Toolboxes\Data Management Tools.tbx\CalculateField" Date="20180607" Time="122808">CalculateField Reserva_de_Caudales_junio2018 TIPO_RES "Extractivos" VB #</Process><Process ToolSource="C:\Program Files (x86)\ArcGIS\Desktop10.0\ArcToolbox\Toolboxes\Data Management Tools.tbx\CalculateField" Date="20180607" Time="122823">CalculateField Reserva_de_Caudales_junio2018 Naturaleza "Subterraneo" VB #</Process><Process ToolSource="C:\Program Files (x86)\ArcGIS\Desktop10.0\ArcToolbox\Toolboxes\Data Management Tools.tbx\CalculateField" Date="20180607" Time="122909">CalculateField Reserva_de_Caudales_junio2018 MOTIVO "Extractivos" VB #</Process><Process ToolSource="C:\Program Files (x86)\ArcGIS\Desktop10.0\ArcToolbox\Toolboxes\Data Management Tools.tbx\CalculateField" Date="20180607" Time="122928">CalculateField Reserva_de_Caudales_junio2018 REGION "OHiggins" VB #</Process><Process ToolSource="C:\Program Files (x86)\ArcGIS\Desktop10.0\ArcToolbox\Toolboxes\Data Management Tools.tbx\CalculateField" Date="20180607" Time="123004">CalculateField Reserva_de_Caudales_junio2018 REGION "Aysen" VB #</Process><Process ToolSource="C:\Program Files (x86)\ArcGIS\Desktop10.0\ArcToolbox\Toolboxes\Data Management Tools.tbx\CalculateField" Date="20180607" Time="154206">CalculateField Reserva_de_Caudales_junio2018 año "2018" VB #</Process><Process ToolSource="C:\Program Files (x86)\ArcGIS\Desktop10.0\ArcToolbox\Toolboxes\Data Management Tools.tbx\CalculateField" Date="20180607" Time="154243">CalculateField Reserva_de_Caudales_junio2018 IT "40 del 16-03-2018" VB #</Process><Process ToolSource="C:\Program Files (x86)\ArcGIS\Desktop10.0\ArcToolbox\Toolboxes\Data Management Tools.tbx\CalculateField" Date="20180607" Time="154454">CalculateField Reserva_de_Caudales_junio2018 Complement "Provisionales" VB #</Process><Process ToolSource="C:\Program Files (x86)\ArcGIS\Desktop10.0\ArcToolbox\Toolboxes\Data Management Tools.tbx\CalculateField" Date="20180607" Time="154506">CalculateField Reserva_de_Caudales_junio2018 D_Reservad "Provisionales" VB #</Process><Process ToolSource="C:\Program Files (x86)\ArcGIS\Desktop10.0\ArcToolbox\Toolboxes\Data Management Tools.tbx\CalculateField" Date="20180607" Time="154519">CalculateField Reserva_de_Caudales_junio2018 Complement "" VB #</Process><Process ToolSource="C:\Program Files (x86)\ArcGIS\Desktop10.0\ArcToolbox\Toolboxes\Data Management Tools.tbx\CalculateField" Date="20180607" Time="154701">CalculateField Reserva_de_Caudales_junio2018 D_Reservad "Definitivos" VB #</Process><Process ToolSource="C:\Program Files (x86)\ArcGIS\Desktop10.0\ArcToolbox\Toolboxes\Data Management Tools.tbx\CalculateField" Date="20180607" Time="154811">CalculateField Reserva_de_Caudales_junio2018 D_Reservad "C-P-C Y C-E-D" VB #</Process><Process ToolSource="C:\Program Files (x86)\ArcGIS\Desktop10.0\ArcToolbox\Toolboxes\Data Management Tools.tbx\CalculateField" Date="20180607" Time="154924">CalculateField Reserva_de_Caudales_junio2018 D_Reservad "C-P-C C-P-D Y C-E-D" VB #</Process><Process ToolSource="C:\Program Files (x86)\ArcGIS\Desktop10.0\ArcToolbox\Toolboxes\Data Management Tools.tbx\CalculateField" Date="20180607" Time="162414">CalculateField Reserva_de_Caudales_junio2018 D_Reservad "C-E-D" VB #</Process><Process ToolSource="C:\Program Files (x86)\ArcGIS\Desktop10.0\ArcToolbox\Toolboxes\Data Management Tools.tbx\CalculateField" Date="20180607" Time="162447">CalculateField Reserva_de_Caudales_junio2018 D_Reservad "C-P-C" VB #</Process></lineage><itemProps><itemLocation><linkage Sync="TRUE">file://\\DGA-NCGTAPIA\D$\MAPOTECAS\DGA.gdb</linkage><protocol Sync="TRUE">Local Area Network</protocol></itemLocation><itemName Sync="TRUE">Reserva_de_Caudales_abril2015</itemName><imsContentType Sync="TRUE">002</imsContentType><itemSize Sync="TRUE">0.000</itemSize></itemProps><coordRef><type Sync="TRUE">Projected</type><geogcsn Sync="TRUE">GCS_WGS_1984</geogcsn><csUnits Sync="TRUE">Linear Unit: Meter (1.000000)</csUnits><projcsn Sync="TRUE">WGS_1984_UTM_Zone_19S</projcsn><peXml Sync="TRUE">&lt;ProjectedCoordinateSystem xsi:type='typens:ProjectedCoordinateSystem' xmlns:xsi='http://www.w3.org/2001/XMLSchema-instance' xmlns:xs='http://www.w3.org/2001/XMLSchema' xmlns:typens='http://www.esri.com/schemas/ArcGIS/10.0'&gt;&lt;WKT&gt;PROJCS[&amp;quot;WGS_1984_UTM_Zone_19S&amp;quot;,GEOGCS[&amp;quot;GCS_WGS_1984&amp;quot;,DATUM[&amp;quot;D_WGS_1984&amp;quot;,SPHEROID[&amp;quot;WGS_1984&amp;quot;,6378137.0,298.257223563]],PRIMEM[&amp;quot;Greenwich&amp;quot;,0.0],UNIT[&amp;quot;Degree&amp;quot;,0.0174532925199433]],PROJECTION[&amp;quot;Transverse_Mercator&amp;quot;],PARAMETER[&amp;quot;False_Easting&amp;quot;,500000.0],PARAMETER[&amp;quot;False_Northing&amp;quot;,10000000.0],PARAMETER[&amp;quot;Central_Meridian&amp;quot;,-69.0],PARAMETER[&amp;quot;Scale_Factor&amp;quot;,0.9996],PARAMETER[&amp;quot;Latitude_Of_Origin&amp;quot;,0.0],UNIT[&amp;quot;Meter&amp;quot;,1.0],AUTHORITY[&amp;quot;EPSG&amp;quot;,32719]]&lt;/WKT&gt;&lt;XOrigin&gt;-5120900&lt;/XOrigin&gt;&lt;YOrigin&gt;1900&lt;/YOrigin&gt;&lt;XYScale&gt;10000&lt;/XYScale&gt;&lt;ZOrigin&gt;-100000&lt;/ZOrigin&gt;&lt;ZScale&gt;10000&lt;/ZScale&gt;&lt;MOrigin&gt;-100000&lt;/MOrigin&gt;&lt;MScale&gt;10000&lt;/MScale&gt;&lt;XYTolerance&gt;0.001&lt;/XYTolerance&gt;&lt;ZTolerance&gt;0.001&lt;/ZTolerance&gt;&lt;MTolerance&gt;0.001&lt;/MTolerance&gt;&lt;HighPrecision&gt;true&lt;/HighPrecision&gt;&lt;WKID&gt;32719&lt;/WKID&gt;&lt;/ProjectedCoordinateSystem&gt;</peXml></coordRef></DataProperties><SyncDate>20180607</SyncDate><SyncTime>12183800</SyncTime><ModDate>20180607</ModDate><ModTime>12183800</ModTime></Esri><dataIdInfo><envirDesc Sync="TRUE">Microsoft Windows 7 Version 6.1 (Build 7601) Service Pack 1; ESRI ArcGIS 10.0.3.3600</envirDesc><dataLang><languageCode value="spa" Sync="TRUE"></languageCode><countryCode value="CHL" Sync="TRUE"></countryCode></dataLang><idCitation><resTitle Sync="TRUE">Reserva_de_Caudales_abril2015</resTitle><presForm><PresFormCd value="005" Sync="TRUE"></PresFormCd></presForm></idCitation><spatRpType><SpatRepTypCd value="001" Sync="TRUE"></SpatRepTypCd></spatRpType></dataIdInfo><mdLang><languageCode value="spa" Sync="TRUE"></languageCode><countryCode value="CHL" Sync="TRUE"></countryCode></mdLang><distInfo><distFormat><formatName Sync="TRUE">File Geodatabase Feature Class</formatName></distFormat><distTranOps><transSize Sync="TRUE">0.000</transSize></distTranOps></distInfo><mdHrLv><ScopeCd value="005" Sync="TRUE"></ScopeCd></mdHrLv><mdHrLvName Sync="TRUE">dataset</mdHrLvName><refSysInfo><RefSystem><refSysID><identCode code="32719" Sync="TRUE" value="32719"></identCode><idCodeSpace Sync="TRUE">EPSG</idCodeSpace><idVersion Sync="TRUE">7.4.1</idVersion></refSysID></RefSystem></refSysInfo><spatRepInfo><VectSpatRep><geometObjs Name="Reserva_de_Caudales_abril2015"><geoObjTyp><GeoObjTypCd value="002" Sync="TRUE"></GeoObjTypCd></geoObjTyp><geoObjCnt Sync="TRUE">0</geoObjCnt></geometObjs><topLvl><TopoLevCd value="001" Sync="TRUE"></TopoLevCd></topLvl></VectSpatRep></spatRepInfo><spdoinfo><ptvctinf><esriterm><efeatyp Sync="TRUE">Simple</efeatyp><efeageom code="4" Sync="TRUE"></efeageom><esritopo Sync="TRUE">FALSE</esritopo><efeacnt Sync="TRUE">0</efeacnt><spindex Sync="TRUE">TRUE</spindex><linrefer Sync="TRUE">FALSE</linrefer></esriterm></ptvctinf></spdoinfo><eainfo><detailed Name="Reserva_de_Caudales_abril2015"><enttyp><enttypl Sync="TRUE">Reserva_de_Caudales_abril2015</enttypl><enttypt Sync="TRUE">Feature Class</enttypt><enttypc Sync="TRUE">0</enttypc></enttyp><attr><attrlabl Sync="TRUE">OBJECTID_1</attrlabl><attalias Sync="TRUE">OBJECTID_1</attalias><attrtype Sync="TRUE">OID</attrtype><attwidth Sync="TRUE">4</attwidth><atprecis Sync="TRUE">0</atprecis><attscale Sync="TRUE">0</attscale><attrdef Sync="TRUE">Internal feature number.</attrdef><attrdefs Sync="TRUE">ESRI</attrdefs><attrdomv><udom Sync="TRUE">Sequential unique whole numbers that are automatically generated.</udom></attrdomv></attr><attr><attrlabl Sync="TRUE">OBJECTID</attrlabl><attalias Sync="TRUE">OBJECTID</attalias><attrtype Sync="TRUE">Integer</attrtype><attwidth Sync="TRUE">4</attwidth><atprecis Sync="TRUE">0</atprecis><attscale Sync="TRUE">0</attscale><attrdef Sync="TRUE">Internal feature number.</attrdef><attrdefs Sync="TRUE">ESRI</attrdefs><attrdomv><udom Sync="TRUE">Sequential unique whole numbers that are automatically generated.</udom></attrdomv></attr><attr><attrlabl Sync="TRUE">Shape</attrlabl><attalias Sync="TRUE">Shape</attalias><attrtype Sync="TRUE">Geometry</attrtype><attwidth Sync="TRUE">0</attwidth><atprecis Sync="TRUE">0</atprecis><attscale Sync="TRUE">0</attscale><attrdef Sync="TRUE">Feature geometry.</attrdef><attrdefs Sync="TRUE">Esri</attrdefs><attrdomv><udom Sync="TRUE">Coordinates defining the features.</udom></attrdomv></attr><attr><attrlabl Sync="TRUE">NOMBRERESE</attrlabl><attalias Sync="TRUE">NOMBRERESE</attalias><attrtype Sync="TRUE">String</attrtype><attwidth Sync="TRUE">200</attwidth><atprecis Sync="TRUE">0</atprecis><attscale Sync="TRUE">0</attscale></attr><attr><attrlabl Sync="TRUE">CODREGION</attrlabl><attalias Sync="TRUE">CODREGION</attalias><attrtype Sync="TRUE">String</attrtype><attwidth Sync="TRUE">50</attwidth><atprecis Sync="TRUE">0</atprecis><attscale Sync="TRUE">0</attscale></attr><attr><attrlabl Sync="TRUE">DECRETO_MO</attrlabl><attalias Sync="TRUE">DECRETO_MO</attalias><attrtype Sync="TRUE">String</attrtype><attwidth Sync="TRUE">50</attwidth><atprecis Sync="TRUE">0</atprecis><attscale Sync="TRUE">0</attscale></attr><attr><attrlabl Sync="TRUE">PUBLICACIO</attrlabl><attalias Sync="TRUE">PUBLICACIO</attalias><attrtype Sync="TRUE">String</attrtype><attwidth Sync="TRUE">50</attwidth><atprecis Sync="TRUE">0</atprecis><attscale Sync="TRUE">0</attscale></attr><attr><attrlabl Sync="TRUE">RAZON</attrlabl><attalias Sync="TRUE">RAZON</attalias><attrtype Sync="TRUE">String</attrtype><attwidth Sync="TRUE">50</attwidth><atprecis Sync="TRUE">0</atprecis><attscale Sync="TRUE">0</attscale></attr><attr><attrlabl Sync="TRUE">RESOLUCION</attrlabl><attalias Sync="TRUE">RESOLUCION</attalias><attrtype Sync="TRUE">String</attrtype><attwidth Sync="TRUE">50</attwidth><atprecis Sync="TRUE">0</atprecis><attscale Sync="TRUE">0</attscale></attr><attr><attrlabl Sync="TRUE">FECHA_RES</attrlabl><attalias Sync="TRUE">FECHA_RES</attalias><attrtype Sync="TRUE">String</attrtype><attwidth Sync="TRUE">50</attwidth><atprecis Sync="TRUE">0</atprecis><attscale Sync="TRUE">0</attscale></attr><attr><attrlabl Sync="TRUE">FECHA_PUB</attrlabl><attalias Sync="TRUE">FECHA_PUB</attalias><attrtype Sync="TRUE">String</attrtype><attwidth Sync="TRUE">50</attwidth><atprecis Sync="TRUE">0</atprecis><attscale Sync="TRUE">0</attscale></attr><attr><attrlabl Sync="TRUE">TIPO_RES</attrlabl><attalias Sync="TRUE">TIPO_RES</attalias><attrtype Sync="TRUE">String</attrtype><attwidth Sync="TRUE">50</attwidth><atprecis Sync="TRUE">0</atprecis><attscale Sync="TRUE">0</attscale></attr><attr><attrlabl Sync="TRUE">Shape_Area</attrlabl><attalias Sync="TRUE">Shape_Area</attalias><attrtype Sync="TRUE">Double</attrtype><attwidth Sync="TRUE">8</attwidth><atprecis Sync="TRUE">0</atprecis><attscale Sync="TRUE">0</attscale><attrdef Sync="TRUE">Area of feature in internal units squared.</attrdef><attrdefs Sync="TRUE">Esri</attrdefs><attrdomv><udom Sync="TRUE">Positive real numbers that are automatically generated.</udom></attrdomv></attr><attr><attrlabl Sync="TRUE">Naturaleza</attrlabl><attalias Sync="TRUE">Naturaleza</attalias><attrtype Sync="TRUE">String</attrtype><attwidth Sync="TRUE">50</attwidth><atprecis Sync="TRUE">0</atprecis><attscale Sync="TRUE">0</attscale></attr><attr><attrlabl Sync="TRUE">MOTIVO</attrlabl><attalias Sync="TRUE">MOTIVO</attalias><attrtype Sync="TRUE">String</attrtype><attwidth Sync="TRUE">70</attwidth><atprecis Sync="TRUE">0</atprecis><attscale Sync="TRUE">0</attscale></attr><attr><attrlabl Sync="TRUE">REGION</attrlabl><attalias Sync="TRUE">REGION</attalias><attrtype Sync="TRUE">String</attrtype><attwidth Sync="TRUE">16</attwidth><atprecis Sync="TRUE">0</atprecis><attscale Sync="TRUE">0</attscale></attr><attr><attrlabl Sync="TRUE">ACUIFERO</attrlabl><attalias Sync="TRUE">ACUIFERO</attalias><attrtype Sync="TRUE">String</attrtype><attwidth Sync="TRUE">254</attwidth><atprecis Sync="TRUE">0</atprecis><attscale Sync="TRUE">0</attscale></attr><attr><attrlabl Sync="TRUE">SECTOR</attrlabl><attalias Sync="TRUE">SECTOR</attalias><attrtype Sync="TRUE">String</attrtype><attwidth Sync="TRUE">254</attwidth><atprecis Sync="TRUE">0</atprecis><attscale Sync="TRUE">0</attscale></attr><attr><attrlabl Sync="TRUE">IT</attrlabl><attalias Sync="TRUE">IT</attalias><attrtype Sync="TRUE">String</attrtype><attwidth Sync="TRUE">50</attwidth><atprecis Sync="TRUE">0</atprecis><attscale Sync="TRUE">0</attscale></attr><attr><attrlabl Sync="TRUE">D_Reservad</attrlabl><attalias Sync="TRUE">D_Reservad</attalias><attrtype Sync="TRUE">String</attrtype><attwidth Sync="TRUE">50</attwidth><atprecis Sync="TRUE">0</atprecis><attscale Sync="TRUE">0</attscale></attr><attr><attrlabl Sync="TRUE">TIPO_Limit</attrlabl><attalias Sync="TRUE">TIPO_Limit</attalias><attrtype Sync="TRUE">String</attrtype><attwidth Sync="TRUE">254</attwidth><atprecis Sync="TRUE">0</atprecis><attscale Sync="TRUE">0</attscale></attr><attr><attrlabl Sync="TRUE">RESOL</attrlabl><attalias Sync="TRUE">RESOL</attalias><attrtype Sync="TRUE">String</attrtype><attwidth Sync="TRUE">254</attwidth><atprecis Sync="TRUE">0</atprecis><attscale Sync="TRUE">0</attscale></attr><attr><attrlabl Sync="TRUE">Fecha_Reso</attrlabl><attalias Sync="TRUE">Fecha_Reso</attalias><attrtype Sync="TRUE">String</attrtype><attwidth Sync="TRUE">254</attwidth><atprecis Sync="TRUE">0</atprecis><attscale Sync="TRUE">0</attscale></attr><attr><attrlabl Sync="TRUE">TOMA_RAZON</attrlabl><attalias Sync="TRUE">TOMA_RAZON</attalias><attrtype Sync="TRUE">String</attrtype><attwidth Sync="TRUE">254</attwidth><atprecis Sync="TRUE">0</atprecis><attscale Sync="TRUE">0</attscale></attr><attr><attrlabl Sync="TRUE">Fecha_publ</attrlabl><attalias Sync="TRUE">Fecha_publ</attalias><attrtype Sync="TRUE">Date</attrtype><attwidth Sync="TRUE">8</attwidth><atprecis Sync="TRUE">0</atprecis><attscale Sync="TRUE">0</attscale></attr><attr><attrlabl Sync="TRUE">Res_Modifi</attrlabl><attalias Sync="TRUE">Res_Modifi</attalias><attrtype Sync="TRUE">String</attrtype><attwidth Sync="TRUE">254</attwidth><atprecis Sync="TRUE">0</atprecis><attscale Sync="TRUE">0</attscale></attr><attr><attrlabl Sync="TRUE">Pub_modi</attrlabl><attalias Sync="TRUE">Pub_modi</attalias><attrtype Sync="TRUE">String</attrtype><attwidth Sync="TRUE">254</attwidth><atprecis Sync="TRUE">0</atprecis><attscale Sync="TRUE">0</attscale></attr><attr><attrlabl Sync="TRUE">Cuenca</attrlabl><attalias Sync="TRUE">Cuenca</attalias><attrtype Sync="TRUE">String</attrtype><attwidth Sync="TRUE">50</attwidth><atprecis Sync="TRUE">0</atprecis><attscale Sync="TRUE">0</attscale></attr><attr><attrlabl Sync="TRUE">APR</attrlabl><attalias Sync="TRUE">APR</attalias><attrtype Sync="TRUE">String</attrtype><attwidth Sync="TRUE">50</attwidth><atprecis Sync="TRUE">0</atprecis><attscale Sync="TRUE">0</attscale></attr><attr><attrlabl Sync="TRUE">Provisiona</attrlabl><attalias Sync="TRUE">Provisiona</attalias><attrtype Sync="TRUE">String</attrtype><attwidth Sync="TRUE">5</attwidth><atprecis Sync="TRUE">0</atprecis><attscale Sync="TRUE">0</attscale></attr><attr><attrlabl Sync="TRUE">Sobreotorg</attrlabl><attalias Sync="TRUE">Sobreotorg</attalias><attrtype Sync="TRUE">String</attrtype><attwidth Sync="TRUE">5</attwidth><atprecis Sync="TRUE">0</atprecis><attscale Sync="TRUE">0</attscale></attr><attr><attrlabl Sync="TRUE">a_km2</attrlabl><attalias Sync="TRUE">a_km2</attalias><attrtype Sync="TRUE">Double</attrtype><attwidth Sync="TRUE">8</attwidth><atprecis Sync="TRUE">0</atprecis><attscale Sync="TRUE">0</attscale></attr><attr><attrlabl Sync="TRUE">Ley20411</attrlabl><attalias Sync="TRUE">Ley20411</attalias><attrtype Sync="TRUE">String</attrtype><attwidth Sync="TRUE">10</attwidth><atprecis Sync="TRUE">0</atprecis><attscale Sync="TRUE">0</attscale></attr><attr><attrlabl Sync="TRUE">TipoEstudi</attrlabl><attalias Sync="TRUE">TipoEstudi</attalias><attrtype Sync="TRUE">String</attrtype><attwidth Sync="TRUE">50</attwidth><atprecis Sync="TRUE">0</atprecis><attscale Sync="TRUE">0</attscale></attr><attr><attrlabl Sync="TRUE">año</attrlabl><attalias Sync="TRUE">año</attalias><attrtype Sync="TRUE">Integer</attrtype><attwidth Sync="TRUE">4</attwidth><atprecis Sync="TRUE">0</atprecis><attscale Sync="TRUE">0</attscale></attr><attr><attrlabl Sync="TRUE">Complement</attrlabl><attalias Sync="TRUE">Complement</attalias><attrtype Sync="TRUE">String</attrtype><attwidth Sync="TRUE">50</attwidth><atprecis Sync="TRUE">0</atprecis><attscale Sync="TRUE">0</attscale></attr><attr><attrlabl Sync="TRUE">Shape_Length</attrlabl><attalias Sync="TRUE">Shape_Length</attalias><attrtype Sync="TRUE">Double</attrtype><attwidth Sync="TRUE">8</attwidth><atprecis Sync="TRUE">0</atprecis><attscale Sync="TRUE">0</attscale><attrdef Sync="TRUE">Length of feature in internal units.</attrdef><attrdefs Sync="TRUE">ESRI</attrdefs><attrdomv><udom Sync="TRUE">Positive real numbers that are automatically generated.</udom></attrdomv></attr></detailed></eainfo><mdDateSt Sync="TRUE">20180607</mdDateSt></metadata>
