<?xml version="1.0" encoding="UTF-8"?>
<metadata xml:lang="es"><Esri><CreaDate>20181120</CreaDate><CreaTime>17523000</CreaTime><ArcGISFormat>1.0</ArcGISFormat><SyncOnce>TRUE</SyncOnce><DataProperties><lineage><Process ToolSource="c:\program files (x86)\arcgis\desktop10.3\ArcToolbox\Toolboxes\Data Management Tools.tbx\CalculateField" Date="20181022" Time="124153">CalculateField Acuiferos_Estudiados_Agosto_2018 Tipo_Limit "Zona de Prohibición" VB #</Process><Process ToolSource="c:\program files (x86)\arcgis\desktop10.3\ArcToolbox\Toolboxes\Data Management Tools.tbx\CalculateField" Date="20181022" Time="124233">CalculateField Acuiferos_Estudiados_Agosto_2018 Provisiona "NO" VB #</Process><Process ToolSource="c:\program files (x86)\arcgis\desktop10.3\ArcToolbox\Toolboxes\Data Management Tools.tbx\CalculateField" Date="20181022" Time="124246">CalculateField Acuiferos_Estudiados_Agosto_2018 Sobreotorg "SI" VB #</Process><Process ToolSource="c:\program files (x86)\arcgis\desktop10.3\ArcToolbox\Toolboxes\Data Management Tools.tbx\CalculateField" Date="20181022" Time="125028">CalculateField Acuiferos_Estudiados_Septiembre_2018 Tipo_Limit "Zona de Prohibición" VB #</Process><Process ToolSource="c:\program files (x86)\arcgis\desktop10.3\ArcToolbox\Toolboxes\Data Management Tools.tbx\CalculateField" Date="20181022" Time="125049">CalculateField Acuiferos_Estudiados_Septiembre_2018 Provisiona "NO" VB #</Process><Process ToolSource="c:\program files (x86)\arcgis\desktop10.3\ArcToolbox\Toolboxes\Data Management Tools.tbx\CalculateField" Date="20181022" Time="125147">CalculateField Acuiferos_Estudiados_Septiembre_2018 ResModif_2 "DGA 19, 25-07-2018 (TR 22-08-2018)" VB #</Process><Process ToolSource="c:\program files (x86)\arcgis\desktop10.3\ArcToolbox\Toolboxes\Data Management Tools.tbx\CalculateField" Date="20181022" Time="125204">CalculateField Acuiferos_Estudiados_Septiembre_2018 PubModif_2 "15-09-2018" VB #</Process><Process ToolSource="c:\program files (x86)\arcgis\desktop10.3\ArcToolbox\Toolboxes\Data Management Tools.tbx\CalculateField" Date="20181022" Time="125221">CalculateField Acuiferos_Estudiados_Septiembre_2018 Motivo_Mod "cambio de área de restrición a Zona de Prohibición" VB #</Process><Process ToolSource="c:\program files (x86)\arcgis\desktop10.3\ArcToolbox\Toolboxes\Data Management Tools.tbx\CalculateField" Date="20181022" Time="125400">CalculateField Acuiferos_Estudiados_Septiembre_2018 Vol_Prov_m 0 VB #</Process></lineage><itemProps><itemLocation><linkage Sync="TRUE">file://\\DGA-NCGTAPIA\D$\MAPOTECAS\DGA.gdb</linkage><protocol Sync="TRUE">Local Area Network</protocol></itemLocation></itemProps></DataProperties></Esri></metadata>
