<metadata xml:lang="es"><Esri><CreaDate>20161117</CreaDate><CreaTime>11363300</CreaTime><ArcGISFormat>1.0</ArcGISFormat><SyncOnce>FALSE</SyncOnce><DataProperties><lineage><Process ToolSource="C:\Program Files (x86)\ArcGIS\Desktop10.0\ArcToolbox\Toolboxes\Data Management Tools.tbx\CalculateField" Date="20140324" Time="124535" Name="" export="">CalculateField Acuiferos_SUR_19_WGS84 FI "3" VB #</Process><Process ToolSource="C:\Program Files (x86)\ArcGIS\Desktop10.0\ArcToolbox\Toolboxes\Data Management Tools.tbx\CalculateField" Date="20140324" Time="124546" Name="" export="">CalculateField Acuiferos_SUR_19_WGS84 FI "1" VB #</Process><Process ToolSource="C:\Program Files (x86)\ArcGIS\Desktop10.0\ArcToolbox\Toolboxes\Data Management Tools.tbx\CalculateField" Date="20140324" Time="151735" Name="" export="">CalculateField sectores_Prueba SECTOR_ "Nilahue El Parron" VB #</Process><Process ToolSource="C:\Program Files (x86)\ArcGIS\Desktop10.0\ArcToolbox\Toolboxes\Data Management Tools.tbx\CalculateField" Date="20140324" Time="152305" Name="" export="">CalculateField sectores_Prueba SECTOR_ "Belco Arenal" VB #</Process><Process ToolSource="C:\Program Files (x86)\ArcGIS\Desktop10.0\ArcToolbox\Toolboxes\Data Management Tools.tbx\CalculateField" Date="20140324" Time="152319" Name="" export="">CalculateField sectores_Prueba SECTOR_ "Cauquenes" VB #</Process><Process ToolSource="C:\Program Files (x86)\ArcGIS\Desktop10.0\ArcToolbox\Toolboxes\Data Management Tools.tbx\CalculateField" Date="20140324" Time="153316" Name="" export="">CalculateField sectores_Prueba SECTOR_ "Talcahuano" VB #</Process><Process ToolSource="C:\Program Files (x86)\ArcGIS\Desktop10.0\ArcToolbox\Toolboxes\Data Management Tools.tbx\CalculateField" Date="20140327" Time="114326" Name="" export="">CalculateField sectores_Prueba SECTOR_ "Maule Bajo77" VB #</Process><Process ToolSource="C:\Program Files (x86)\ArcGIS\Desktop10.0\ArcToolbox\Toolboxes\Data Management Tools.tbx\CalculateField" Date="20140327" Time="122935" Name="" export="">CalculateField sectores_Prueba SECTOR_ "Maule Medio11" VB #</Process><Process ToolSource="C:\Program Files (x86)\ArcGIS\Desktop10.0\ArcToolbox\Toolboxes\Data Management Tools.tbx\CalculateField" Date="20140327" Time="123256" Name="" export="">CalculateField sectores_Prueba SECTOR_ "mAULE MEDIO22" VB #</Process><Process ToolSource="C:\Program Files (x86)\ArcGIS\Desktop10.0\ArcToolbox\Toolboxes\Data Management Tools.tbx\CalculateField" Date="20140327" Time="172944" Name="" export="">CalculateField sectores_Prueba SECTOR_ "M1" VB #</Process><Process ToolSource="C:\Program Files (x86)\ArcGIS\Desktop10.0\ArcToolbox\Toolboxes\Data Management Tools.tbx\CalculateField" Date="20140327" Time="173255" Name="" export="">CalculateField sectores_Prueba SECTOR_ "m2" VB #</Process><Process ToolSource="C:\Program Files (x86)\ArcGIS\Desktop10.0\ArcToolbox\Toolboxes\Data Management Tools.tbx\CalculateField" Date="20140327" Time="173427" Name="" export="">CalculateField sectores_Prueba SECTOR_ "m4" VB #</Process><Process ToolSource="C:\Program Files (x86)\ArcGIS\Desktop10.0\ArcToolbox\Toolboxes\Data Management Tools.tbx\CalculateField" Date="20140327" Time="173538" Name="" export="">CalculateField sectores_Prueba SECTOR_ "m5" VB #</Process><Process ToolSource="C:\Program Files (x86)\ArcGIS\Desktop10.0\ArcToolbox\Toolboxes\Data Management Tools.tbx\CalculateField" Date="20140328" Time="093616" Name="" export="">CalculateField sectores_Prueba SECTOR_ "Playa Junquillar" VB #</Process><Process ToolSource="C:\Program Files (x86)\ArcGIS\Desktop10.0\ArcToolbox\Toolboxes\Data Management Tools.tbx\CalculateField" Date="20140328" Time="094002" Name="" export="">CalculateField sectores_Prueba SECTOR_ "M444" VB #</Process><Process ToolSource="C:\Program Files (x86)\ArcGIS\Desktop10.0\ArcToolbox\Toolboxes\Data Management Tools.tbx\CalculateField" Date="20140328" Time="094345" Name="" export="">CalculateField sectores_Prueba SECTOR_ "M444" VB #</Process><Process ToolSource="C:\Program Files (x86)\ArcGIS\Desktop10.0\ArcToolbox\Toolboxes\Data Management Tools.tbx\CalculateField" Date="20140328" Time="094456" Name="" export="">CalculateField sectores_Prueba SECTOR_ "m2" VB #</Process><Process ToolSource="C:\Program Files (x86)\ArcGIS\Desktop10.0\ArcToolbox\Toolboxes\Data Management Tools.tbx\CalculateField" Date="20140328" Time="100214" Name="" export="">CalculateField sectores_Prueba SECTOR_ "M444" VB #</Process><Process ToolSource="C:\Program Files (x86)\ArcGIS\Desktop10.0\ArcToolbox\Toolboxes\Data Management Tools.tbx\CalculateField" Date="20140328" Time="100918" Name="" export="">CalculateField sectores_Prueba SECTOR_ "m7" VB #</Process><Process ToolSource="C:\Program Files (x86)\ArcGIS\Desktop10.0\ArcToolbox\Toolboxes\Data Management Tools.tbx\CalculateField" Date="20140328" Time="124857" Name="" export="">CalculateField sectores_Prueba SECTOR_ "m88" VB #</Process><Process ToolSource="C:\Program Files (x86)\ArcGIS\Desktop10.0\ArcToolbox\Toolboxes\Data Management Tools.tbx\CalculateField" Date="20140328" Time="125129" Name="" export="">CalculateField sectores_Prueba SECTOR_ "m7" VB #</Process><Process ToolSource="C:\Program Files (x86)\ArcGIS\Desktop10.0\ArcToolbox\Toolboxes\Data Management Tools.tbx\CalculateField" Date="20140328" Time="130133" Name="" export="">CalculateField sectores_Prueba SECTOR_ "m88" VB #</Process><Process ToolSource="C:\Program Files (x86)\ArcGIS\Desktop10.0\ArcToolbox\Toolboxes\Data Management Tools.tbx\Dissolve" Date="20140328" Time="134710" Name="" export="">Dissolve sectores_Prueba D:\Documentos\Mis_Documentos\ArcGIS\Default.gdb\sectores_Prueba_Dissolve SECTOR_ # MULTI_PART DISSOLVE_LINES</Process><Process ToolSource="C:\Program Files (x86)\ArcGIS\Desktop10.0\ArcToolbox\Toolboxes\Data Management Tools.tbx\CalculateField" Date="20140328" Time="153924" Name="" export="">CalculateField sectores_Prueba_Dissolve SECTOR_ "Maule Bajo" VB #</Process><Process ToolSource="C:\Program Files (x86)\ArcGIS\Desktop10.0\ArcToolbox\Toolboxes\Data Management Tools.tbx\Dissolve" Date="20140401" Time="154858" Name="" export="">Dissolve sectores_Prueba_Dissolve D:\Documentos\Mis_Documentos\ArcGIS\Default.gdb\sectores_Prueba_Dissolve_Dis2 SECTOR_ # MULTI_PART DISSOLVE_LINES</Process><Process ToolSource="C:\Program Files (x86)\ArcGIS\Desktop10.0\ArcToolbox\Toolboxes\Data Management Tools.tbx\Dissolve" Date="20140401" Time="165328" Name="" export="">Dissolve sectores_Prueba_Dissolve_Dis2 D:\Documentos\Mis_Documentos\ArcGIS\Default.gdb\sectores_Prueba_Dissolve_Dis3 SECTOR_ # MULTI_PART DISSOLVE_LINES</Process><Process ToolSource="C:\Program Files (x86)\ArcGIS\Desktop10.0\ArcToolbox\Toolboxes\Data Management Tools.tbx\Dissolve" Date="20140401" Time="173433" Name="" export="">Dissolve sectores_Prueba_Dissolve_Dis3 D:\Documentos\Mis_Documentos\ArcGIS\Default.gdb\sectores_Prueba_Dissolve_Dis4 SECTOR_ # MULTI_PART DISSOLVE_LINES</Process><Process ToolSource="C:\Program Files (x86)\ArcGIS\Desktop10.0\ArcToolbox\Toolboxes\Data Management Tools.tbx\Dissolve" Date="20140402" Time="170242" Name="" export="">Dissolve sectores_Prueba_Dissolve_Dis4 D:\Documentos\Mis_Documentos\ArcGIS\Default.gdb\sectores_Prueba_Dissolve_Dis5 SECTOR_ # MULTI_PART DISSOLVE_LINES</Process><Process ToolSource="C:\Program Files (x86)\ArcGIS\Desktop10.0\ArcToolbox\Toolboxes\Data Management Tools.tbx\Dissolve" Date="20140403" Time="095759" Name="" export="">Dissolve sectores_Prueba_Dissolve_Dis5 D:\Documentos\Mis_Documentos\ArcGIS\Default.gdb\sectores_Prueba_Dissolve_Dis6 SECTOR_ # MULTI_PART DISSOLVE_LINES</Process><Process ToolSource="C:\Program Files (x86)\ArcGIS\Desktop10.0\ArcToolbox\Toolboxes\Data Management Tools.tbx\Dissolve" Date="20140403" Time="100736" Name="" export="">Dissolve sectores_Prueba_Dissolve_Dis6 D:\Documentos\Mis_Documentos\ArcGIS\Default.gdb\sectores_Prueba_Dissolve_Dis7 SECTOR_ # MULTI_PART DISSOLVE_LINES</Process><Process ToolSource="C:\Program Files (x86)\ArcGIS\Desktop10.0\ArcToolbox\Toolboxes\Data Management Tools.tbx\Dissolve" Date="20140404" Time="100705" Name="" export="">Dissolve sectores_Prueba_Dissolve_Dis7 D:\Documentos\Mis_Documentos\ArcGIS\Default.gdb\sectores_Prueba_Dissolve_Dis9 SECTOR_ # MULTI_PART DISSOLVE_LINES</Process><Process ToolSource="C:\Program Files (x86)\ArcGIS\Desktop10.0\ArcToolbox\Toolboxes\Data Management Tools.tbx\Dissolve" Date="20140404" Time="101703" Name="" export="">Dissolve sectores_Prueba_Dissolve_Dis9 D:\Documentos\Mis_Documentos\ArcGIS\Default.gdb\sectores_Prueba_Dissolve_Dis13 SECTOR_ # MULTI_PART DISSOLVE_LINES</Process><Process ToolSource="C:\Program Files (x86)\ArcGIS\Desktop10.0\ArcToolbox\Toolboxes\Data Management Tools.tbx\Dissolve" Date="20140404" Time="105046" Name="" export="">Dissolve sectores_Prueba_Dissolve_Dis13 D:\Documentos\Mis_Documentos\ArcGIS\Default.gdb\sectores_Prueba_Dissolve_Dis14 SECTOR_ # MULTI_PART DISSOLVE_LINES</Process><Process ToolSource="C:\Program Files (x86)\ArcGIS\Desktop10.0\ArcToolbox\Toolboxes\Data Management Tools.tbx\Merge" Date="20140404" Time="105732" Name="" export="">Merge sectores_Prueba_Dissolve_Dis14;Acuiferos_marzo2014_ultima D:\Documentos\Mis_Documentos\ArcGIS\Default.gdb\sectores_Prueba_Dissolve_Dis15 "SECTOR_ "SECTOR_" true true false 30 Text 0 0 ,First,#,sectores_Prueba_Dissolve_Dis14,SECTOR_,-1,-1;Shape_Length "Shape_Length" false true true 8 Double 0 0 ,First,#,sectores_Prueba_Dissolve_Dis14,Shape_Length,-1,-1;Shape_Area "Shape_Area" false true true 8 Double 0 0 ,First,#,sectores_Prueba_Dissolve_Dis14,Shape_Area,-1,-1,Acuiferos_marzo2014_ultima,Shape_Area,-1,-1;OBJECTID "OBJECTID" true true false 9 Long 0 9 ,First,#,Acuiferos_marzo2014_ultima,OBJECTID,-1,-1;REGION "REGION" true true false 16 Text 0 0 ,First,#,Acuiferos_marzo2014_ultima,REGION,-1,-1;ACUIFERO "ACUIFERO" true true false 254 Text 0 0 ,First,#,Acuiferos_marzo2014_ultima,ACUIFERO,-1,-1;SECTOR "SECTOR" true true false 254 Text 0 0 ,First,#,Acuiferos_marzo2014_ultima,SECTOR,-1,-1;TIPO_Limit "TIPO_Limit" true true false 254 Text 0 0 ,First,#,Acuiferos_marzo2014_ultima,TIPO_Limit,-1,-1;RESOL "RESOL" true true false 254 Text 0 0 ,First,#,Acuiferos_marzo2014_ultima,RESOL,-1,-1;Fecha_Reso "Fecha_Reso" true true false 254 Text 0 0 ,First,#,Acuiferos_marzo2014_ultima,Fecha_Reso,-1,-1;TOMA_RAZON "TOMA_RAZON" true true false 254 Text 0 0 ,First,#,Acuiferos_marzo2014_ultima,TOMA_RAZON,-1,-1;Fecha_publ "Fecha_publ" true true false 8 Date 0 0 ,First,#,Acuiferos_marzo2014_ultima,Fecha_publ,-1,-1;Res_Modifi "Res_Modifi" true true false 254 Text 0 0 ,First,#,Acuiferos_marzo2014_ultima,Res_Modifi,-1,-1;Pub_modi "Pub_modi" true true false 254 Text 0 0 ,First,#,Acuiferos_marzo2014_ultima,Pub_modi,-1,-1;Cuenca "Cuenca" true true false 50 Text 0 0 ,First,#,Acuiferos_marzo2014_ultima,Cuenca,-1,-1;APR "APR" true true false 50 Text 0 0 ,First,#,Acuiferos_marzo2014_ultima,APR,-1,-1;Provisiona "Provisiona" true true false 5 Text 0 0 ,First,#,Acuiferos_marzo2014_ultima,Provisiona,-1,-1;Shape_Leng "Shape_Leng" true true false 19 Double 0 0 ,First,#,Acuiferos_marzo2014_ultima,Shape_Leng,-1,-1"</Process><Process ToolSource="C:\Program Files (x86)\ArcGIS\Desktop10.0\ArcToolbox\Toolboxes\Data Management Tools.tbx\Dissolve" Date="20140407" Time="110322" Name="" export="">Dissolve sectores_Prueba_Dissolve_Dis15 D:\Documentos\Mis_Documentos\ArcGIS\Default.gdb\sectores_Prueba_Dissolve_Dis17 SECTOR_ # MULTI_PART DISSOLVE_LINES</Process><Process ToolSource="C:\Program Files (x86)\ArcGIS\Desktop10.0\ArcToolbox\Toolboxes\Data Management Tools.tbx\Dissolve" Date="20140407" Time="121022" Name="" export="">Dissolve sectores_Prueba_Dissolve_Dis17 D:\Documentos\Mis_Documentos\ArcGIS\Default.gdb\sectores_Prueba_Dissolve_Dis20 SECTOR_ # MULTI_PART DISSOLVE_LINES</Process><Process ToolSource="C:\Program Files (x86)\ArcGIS\Desktop10.0\ArcToolbox\Toolboxes\Data Management Tools.tbx\Dissolve" Date="20140407" Time="124131" Name="" export="">Dissolve sectores_Prueba_Dissolve_Dis20 D:\Documentos\Mis_Documentos\ArcGIS\Default.gdb\sectores_Prueba_Dissolve_Dis21 SECTOR_ # MULTI_PART DISSOLVE_LINES</Process><Process ToolSource="C:\Program Files (x86)\ArcGIS\Desktop10.0\ArcToolbox\Toolboxes\Data Management Tools.tbx\Dissolve" Date="20140407" Time="173825" Name="" export="">Dissolve sectores_Prueba_Dissolve_Dis21 D:\Documentos\Mis_Documentos\ArcGIS\Default.gdb\sectores_Prueba_Dissolve_Dis23 SECTOR_ # MULTI_PART DISSOLVE_LINES</Process><Process ToolSource="C:\Program Files (x86)\ArcGIS\Desktop10.0\ArcToolbox\Toolboxes\Data Management Tools.tbx\Dissolve" Date="20140408" Time="162433" Name="" export="">Dissolve sectores_Prueba_Dissolve_Dis23 D:\Documentos\Mis_Documentos\ArcGIS\Default.gdb\sectores_Prueba_Dissolve_Dis26 SECTOR_ # MULTI_PART DISSOLVE_LINES</Process><Process ToolSource="C:\Program Files (x86)\ArcGIS\Desktop10.0\ArcToolbox\Toolboxes\Data Management Tools.tbx\Dissolve" Date="20140408" Time="162902" Name="" export="">Dissolve sectores_Prueba_Dissolve_Dis26 D:\Documentos\Mis_Documentos\ArcGIS\Default.gdb\sectores_Prueba_Dissolve_Dis27 SECTOR_ # MULTI_PART DISSOLVE_LINES</Process><Process ToolSource="C:\Program Files (x86)\ArcGIS\Desktop10.0\ArcToolbox\Toolboxes\Data Management Tools.tbx\CalculateField" Date="20140408" Time="164534" Name="" export="">CalculateField Sectores zona "Costa" VB #</Process><Process ToolSource="C:\Program Files (x86)\ArcGIS\Desktop10.0\ArcToolbox\Toolboxes\Data Management Tools.tbx\CalculateField" Date="20140408" Time="164655" Name="" export="">CalculateField Sectores zona "Depresion" VB #</Process><Process ToolSource="C:\Program Files (x86)\ArcGIS\Desktop10.0\ArcToolbox\Toolboxes\Data Management Tools.tbx\CalculateField" Date="20140408" Time="164736" Name="" export="">CalculateField Sectores zona "Cordillera" VB #</Process><Process ToolSource="C:\Program Files (x86)\ArcGIS\Desktop10.0\ArcToolbox\Toolboxes\Data Management Tools.tbx\CalculateField" Date="20140408" Time="165731" Name="" export="">CalculateField Sectores zona "Cordillera" VB #</Process><Process ToolSource="C:\Program Files (x86)\ArcGIS\Desktop10.0\ArcToolbox\Toolboxes\Data Management Tools.tbx\Dissolve" Date="20140408" Time="170419" Name="" export="">Dissolve Sectores D:\Documentos\Mis_Documentos\ArcGIS\Default.gdb\Sectores_Dissolve SECTOR_;zona # MULTI_PART DISSOLVE_LINES</Process><Process ToolSource="C:\Program Files (x86)\ArcGIS\Desktop10.0\ArcToolbox\Toolboxes\Data Management Tools.tbx\Dissolve" Date="20140409" Time="154846" Name="" export="">Dissolve Sectores D:\Documentos\Mis_Documentos\ArcGIS\Default.gdb\Sectores_Dissolve1 SECTOR_;zona # MULTI_PART DISSOLVE_LINES</Process><Process ToolSource="C:\Program Files (x86)\ArcGIS\Desktop10.0\ArcToolbox\Toolboxes\Data Management Tools.tbx\CalculateField" Date="20140415" Time="141452" Name="" export="">CalculateField Sectores zona "costa" VB #</Process><Process ToolSource="C:\Program Files (x86)\ArcGIS\Desktop10.0\ArcToolbox\Toolboxes\Data Management Tools.tbx\CalculateField" Date="20140415" Time="141716" Name="" export="">CalculateField Sectores zona "costa" VB #</Process><Process ToolSource="C:\Program Files (x86)\ArcGIS\Desktop10.0\ArcToolbox\Toolboxes\Data Management Tools.tbx\Dissolve" Date="20140415" Time="141729" Name="" export="">Dissolve Sectores D:\Documentos\Mis_Documentos\ArcGIS\Default.gdb\Sectores_Dissolve3 SECTOR_;zona # MULTI_PART DISSOLVE_LINES</Process><Process ToolSource="C:\Program Files (x86)\ArcGIS\Desktop10.0\ArcToolbox\Toolboxes\Data Management Tools.tbx\CalculateField" Date="20140415" Time="144041" Name="" export="">CalculateField Sectores_Dissolve3 zona "Cordillera" VB #</Process><Process ToolSource="C:\Program Files (x86)\ArcGIS\Desktop10.0\ArcToolbox\Toolboxes\Data Management Tools.tbx\CalculateField" Date="20140415" Time="145412" Name="" export="">CalculateField Export_Output zona "cordillera" VB #</Process><Process ToolSource="C:\Program Files (x86)\ArcGIS\Desktop10.0\ArcToolbox\Toolboxes\Data Management Tools.tbx\CalculateField" Date="20140415" Time="145451" Name="" export="">CalculateField Export_Output zona "costa" VB #</Process><Process ToolSource="C:\Program Files (x86)\ArcGIS\Desktop10.0\ArcToolbox\Toolboxes\Data Management Tools.tbx\CalculateField" Date="20140415" Time="145523" Name="" export="">CalculateField Export_Output zona "costa" VB #</Process><Process ToolSource="C:\Program Files (x86)\ArcGIS\Desktop10.0\ArcToolbox\Toolboxes\Data Management Tools.tbx\CalculateField" Date="20140415" Time="145547" Name="" export="">CalculateField Export_Output zona "cordillera" VB #</Process><Process ToolSource="C:\Program Files (x86)\ArcGIS\Desktop10.0\ArcToolbox\Toolboxes\Data Management Tools.tbx\CalculateField" Date="20140415" Time="145605" Name="" export="">CalculateField Export_Output zona "depresion" VB #</Process><Process ToolSource="C:\Program Files (x86)\ArcGIS\Desktop10.0\ArcToolbox\Toolboxes\Data Management Tools.tbx\Dissolve" Date="20140415" Time="145634" Name="" export="">Dissolve Export_Output D:\Documentos\Mis_Documentos\ArcGIS\Default.gdb\Export_Output_Dissolve3 SECTOR_;zona # MULTI_PART DISSOLVE_LINES</Process><Process ToolSource="C:\Program Files (x86)\ArcGIS\Desktop10.0\ArcToolbox\Toolboxes\Data Management Tools.tbx\CalculateField" Date="20140415" Time="152755" Name="" export="">CalculateField Export_Output_Dissolve3 SECTOR_ "Rio Corcovado" VB #</Process><Process ToolSource="C:\Program Files (x86)\ArcGIS\Desktop10.0\ArcToolbox\Toolboxes\Data Management Tools.tbx\CalculateField" Date="20140415" Time="160557" Name="" export="">CalculateField Export_Output_Dissolve3 SECTOR_ "Rio Tictoc" VB #</Process><Process ToolSource="C:\Program Files (x86)\ArcGIS\Desktop10.0\ArcToolbox\Toolboxes\Data Management Tools.tbx\CalculateField" Date="20140415" Time="160612" Name="" export="">CalculateField Export_Output_Dissolve3 zona "costa" VB #</Process><Process ToolSource="C:\Program Files (x86)\ArcGIS\Desktop10.0\ArcToolbox\Toolboxes\Data Management Tools.tbx\CalculateField" Date="20140415" Time="163747" Name="" export="">CalculateField Export_Output_Dissolve3 SECTOR_ "Rio Palena" VB #</Process><Process ToolSource="C:\Program Files (x86)\ArcGIS\Desktop10.0\ArcToolbox\Toolboxes\Data Management Tools.tbx\CalculateField" Date="20140415" Time="170748" Name="" export="">CalculateField Export_Output_Dissolve3 zona "costa" VB #</Process><Process ToolSource="C:\Program Files (x86)\ArcGIS\Desktop10.0\ArcToolbox\Toolboxes\Data Management Tools.tbx\CalculateField" Date="20140415" Time="170830" Name="" export="">CalculateField Export_Output_Dissolve3 zona "costa" VB #</Process><Process ToolSource="C:\Program Files (x86)\ArcGIS\Desktop10.0\ArcToolbox\Toolboxes\Data Management Tools.tbx\CalculateField" Date="20140415" Time="170855" Name="" export="">CalculateField Export_Output_Dissolve3 zona "costa" VB #</Process><Process ToolSource="C:\Program Files (x86)\ArcGIS\Desktop10.0\ArcToolbox\Toolboxes\Data Management Tools.tbx\CalculateField" Date="20140415" Time="170944" Name="" export="">CalculateField Export_Output_Dissolve3 zona "cordillera" VB #</Process><Process ToolSource="C:\Program Files (x86)\ArcGIS\Desktop10.0\ArcToolbox\Toolboxes\Data Management Tools.tbx\Dissolve" Date="20140415" Time="171041" Name="" export="">Dissolve Export_Output_Dissolve3 D:\Documentos\Mis_Documentos\ArcGIS\Default.gdb\Export_Output_Dissolve3_Diss1 SECTOR_;zona # MULTI_PART DISSOLVE_LINES</Process><Process ToolSource="C:\Program Files (x86)\ArcGIS\Desktop10.0\ArcToolbox\Toolboxes\Data Management Tools.tbx\CalculateField" Date="20140415" Time="173832" Name="" export="">CalculateField Export_Output_Dissolve3_Diss1 zona "costa" VB #</Process><Process ToolSource="C:\Program Files (x86)\ArcGIS\Desktop10.0\ArcToolbox\Toolboxes\Data Management Tools.tbx\CalculateField" Date="20140415" Time="173844" Name="" export="">CalculateField Export_Output_Dissolve3_Diss1 zona "costa" VB #</Process><Process ToolSource="C:\Program Files (x86)\ArcGIS\Desktop10.0\ArcToolbox\Toolboxes\Data Management Tools.tbx\CalculateField" Date="20140415" Time="173907" Name="" export="">CalculateField Export_Output_Dissolve3_Diss1 zona "depresion" VB #</Process><Process ToolSource="C:\Program Files (x86)\ArcGIS\Desktop10.0\ArcToolbox\Toolboxes\Data Management Tools.tbx\CalculateField" Date="20140415" Time="173918" Name="" export="">CalculateField Export_Output_Dissolve3_Diss1 zona "depresion" VB #</Process><Process ToolSource="C:\Program Files (x86)\ArcGIS\Desktop10.0\ArcToolbox\Toolboxes\Data Management Tools.tbx\CalculateField" Date="20140415" Time="173928" Name="" export="">CalculateField Export_Output_Dissolve3_Diss1 zona "depresion" VB #</Process><Process ToolSource="C:\Program Files (x86)\ArcGIS\Desktop10.0\ArcToolbox\Toolboxes\Data Management Tools.tbx\CalculateField" Date="20140415" Time="173941" Name="" export="">CalculateField Export_Output_Dissolve3_Diss1 zona "depresion" VB #</Process><Process ToolSource="C:\Program Files (x86)\ArcGIS\Desktop10.0\ArcToolbox\Toolboxes\Data Management Tools.tbx\CalculateField" Date="20140416" Time="094901" Name="" export="">CalculateField Sectores SECTOR_ "Rio Andalien bajo" VB #</Process><Process ToolSource="C:\Program Files (x86)\ArcGIS\Desktop10.0\ArcToolbox\Toolboxes\Data Management Tools.tbx\CalculateField" Date="20140416" Time="094919" Name="" export="">CalculateField Sectores SECTOR_ "Rio Andalien alto" VB #</Process><Process ToolSource="C:\Program Files (x86)\ArcGIS\Desktop10.0\ArcToolbox\Toolboxes\Data Management Tools.tbx\CalculateField" Date="20140416" Time="094933" Name="" export="">CalculateField Sectores SECTOR_ "Rio Andalien Alto" VB #</Process><Process ToolSource="C:\Program Files (x86)\ArcGIS\Desktop10.0\ArcToolbox\Toolboxes\Data Management Tools.tbx\CalculateField" Date="20140416" Time="094946" Name="" export="">CalculateField Sectores SECTOR_ "Rio Andalien Bajo" VB #</Process><Process ToolSource="C:\Program Files (x86)\ArcGIS\Desktop10.0\ArcToolbox\Toolboxes\Data Management Tools.tbx\Dissolve" Date="20140416" Time="111421" Name="" export="">Dissolve Sectores D:\Documentos\Mis_Documentos\ArcGIS\Default.gdb\Sectores_Dissolve4 SECTOR_;zona # MULTI_PART DISSOLVE_LINES</Process><Process ToolSource="C:\Program Files (x86)\ArcGIS\Desktop10.0\ArcToolbox\Toolboxes\Data Management Tools.tbx\Dissolve" Date="20140416" Time="112421" Name="" export="">Dissolve Sectores_Dissolve4 D:\Documentos\Mis_Documentos\ArcGIS\Default.gdb\Sectores_Dissolve4_Dissolve SECTOR_;zona # MULTI_PART DISSOLVE_LINES</Process><Process ToolSource="C:\Program Files (x86)\ArcGIS\Desktop10.0\ArcToolbox\Toolboxes\Data Management Tools.tbx\CalculateField" Date="20140416" Time="153127" Name="" export="">CalculateField Sectores zona "costa" VB #</Process><Process ToolSource="C:\Program Files (x86)\ArcGIS\Desktop10.0\ArcToolbox\Toolboxes\Data Management Tools.tbx\CalculateField" Date="20140416" Time="153233" Name="" export="">CalculateField Sectores zona "costa" VB #</Process><Process ToolSource="C:\Program Files (x86)\ArcGIS\Desktop10.0\ArcToolbox\Toolboxes\Data Management Tools.tbx\CalculateField" Date="20140416" Time="153306" Name="" export="">CalculateField Sectores zona "depresion" VB #</Process><Process ToolSource="C:\Program Files (x86)\ArcGIS\Desktop10.0\ArcToolbox\Toolboxes\Data Management Tools.tbx\CalculateField" Date="20140421" Time="101734" Name="" export="">CalculateField Sectores SECTOR_ "Escuadron" VB #</Process><Process ToolSource="C:\Program Files (x86)\ArcGIS\Desktop10.0\ArcToolbox\Toolboxes\Data Management Tools.tbx\CalculateField" Date="20140421" Time="101748" Name="" export="">CalculateField Sectores SECTOR_ "Coronel" VB #</Process><Process ToolSource="C:\Program Files (x86)\ArcGIS\Desktop10.0\ArcToolbox\Toolboxes\Data Management Tools.tbx\CalculateField" Date="20140421" Time="103431" Name="" export="">CalculateField Sectores Region "Maule" VB #</Process><Process ToolSource="C:\Program Files (x86)\ArcGIS\Desktop10.0\ArcToolbox\Toolboxes\Data Management Tools.tbx\CalculateField" Date="20140421" Time="103627" Name="" export="">CalculateField Sectores Region "Biobio" VB #</Process><Process ToolSource="C:\Program Files (x86)\ArcGIS\Desktop10.0\ArcToolbox\Toolboxes\Data Management Tools.tbx\CalculateField" Date="20140421" Time="103728" Name="" export="">CalculateField Sectores Region "La Araucania" VB #</Process><Process ToolSource="C:\Program Files (x86)\ArcGIS\Desktop10.0\ArcToolbox\Toolboxes\Data Management Tools.tbx\CalculateField" Date="20140421" Time="103759" Name="" export="">CalculateField Sectores Region "Los Rios" VB #</Process><Process ToolSource="C:\Program Files (x86)\ArcGIS\Desktop10.0\ArcToolbox\Toolboxes\Data Management Tools.tbx\CalculateField" Date="20140421" Time="103844" Name="" export="">CalculateField Sectores Region "Los Lagos" VB #</Process><Process ToolSource="C:\Program Files (x86)\ArcGIS\Desktop10.0\ArcToolbox\Toolboxes\Data Management Tools.tbx\CalculateField" Date="20140421" Time="103857" Name="" export="">CalculateField Sectores Region "Los Lagos" VB #</Process><Process ToolSource="C:\Program Files (x86)\ArcGIS\Desktop10.0\ArcToolbox\Toolboxes\Data Management Tools.tbx\CalculateField" Date="20140429" Time="100430" Name="" export="">CalculateField Sectores_Biobio SECTOR_ "Rio Andalien" VB #</Process><Process ToolSource="C:\Program Files (x86)\ArcGIS\Desktop10.0\ArcToolbox\Toolboxes\Data Management Tools.tbx\Dissolve" Date="20140429" Time="100516" Name="" export="">Dissolve Sectores_Biobio D:\Documentos\Mis_Documentos\ArcGIS\Default.gdb\Sectores_Biobio_Dissolve1 SECTOR_;zona;Region # MULTI_PART DISSOLVE_LINES</Process><Process ToolSource="C:\Program Files (x86)\ArcGIS\Desktop10.0\ArcToolbox\Toolboxes\Data Management Tools.tbx\CalculateField" Date="20140509" Time="160201" Name="" export="">CalculateField Sectores_Biobio SECTOR_ "Escuadron -Coronel" VB #</Process><Process ToolSource="C:\Program Files (x86)\ArcGIS\Desktop10.0\ArcToolbox\Toolboxes\Data Management Tools.tbx\CalculateField" Date="20140509" Time="160246" Name="" export="">CalculateField Sectores_Biobio SECTOR_ "Escuadron - Coronel" VB #</Process><Process ToolSource="C:\Program Files (x86)\ArcGIS\Desktop10.0\ArcToolbox\Toolboxes\Data Management Tools.tbx\CalculateField" Date="20140509" Time="160301" Name="" export="">CalculateField Sectores_Biobio SECTOR_ "Lota" VB #</Process><Process ToolSource="c:\program files (x86)\arcgis\desktop10.0\ArcToolbox\Toolboxes\Data Management Tools.tbx\Merge" Date="20150901" Time="163734" Name="" export="">Merge Sectores_Biobio;Sectores_Araucania;Sectores_Lagos;Sectores_Maule;Sectores_rios C:\Users\nury.salazar\Documents\ArcGIS\Default.gdb\Sectores_Biobio_Merge "OBJECTID "OBJECTID" true true false 9 Long 0 9 ,First,#,Sectores_Biobio,OBJECTID,-1,-1,Sectores_Araucania,OBJECTID,-1,-1,Sectores_Lagos,OBJECTID,-1,-1,Sectores_Maule,OBJECTID,-1,-1,Sectores_rios,OBJECTID,-1,-1;SECTOR_ "SECTOR_" true true false 30 Text 0 0 ,First,#,Sectores_Biobio,SECTOR_,-1,-1,Sectores_Araucania,SECTOR_,-1,-1,Sectores_Lagos,SECTOR_,-1,-1,Sectores_Maule,SECTOR_,-1,-1,Sectores_rios,SECTOR_,-1,-1;zona "zona" true true false 50 Text 0 0 ,First,#,Sectores_Biobio,zona,-1,-1,Sectores_Araucania,zona,-1,-1,Sectores_Lagos,zona,-1,-1,Sectores_Maule,zona,-1,-1,Sectores_rios,zona,-1,-1;Region "Region" true true false 50 Text 0 0 ,First,#,Sectores_Biobio,Region,-1,-1,Sectores_Araucania,Region,-1,-1,Sectores_Lagos,Region,-1,-1,Sectores_Maule,Region,-1,-1,Sectores_rios,Region,-1,-1;Shape_Leng "Shape_Leng" true true false 19 Double 0 0 ,First,#,Sectores_Biobio,Shape_Leng,-1,-1,Sectores_Araucania,Shape_Leng,-1,-1,Sectores_Lagos,Shape_Leng,-1,-1,Sectores_Maule,Shape_Leng,-1,-1,Sectores_rios,Shape_Leng,-1,-1;Shape_Area "Shape_Area" true true false 19 Double 0 0 ,First,#,Sectores_Biobio,Shape_Area,-1,-1,Sectores_Araucania,Shape_Area,-1,-1,Sectores_Lagos,Shape_Area,-1,-1,Sectores_Maule,Shape_Area,-1,-1,Sectores_rios,Shape_Area,-1,-1"</Process><Process ToolSource="c:\program files (x86)\arcgis\desktop10.0\ArcToolbox\Toolboxes\Data Management Tools.tbx\Merge" Date="20160623" Time="105918">Merge Acuiferos_RecargaPreliminar_jul2014;Costeras_IV_RecargaPreliminar;Cuencas_Altas_Maipo C:\Users\nury.salazar\Documents\ArcGIS\Default.gdb\Acuiferos_RecargaPreliminar_1 "OBJECTID_1 "OBJECTID_1" true true false 9 Long 0 9 ,First,#,Acuiferos_RecargaPreliminar_jul2014,OBJECTID_1,-1,-1,Costeras_IV_RecargaPreliminar,OBJECTID_1,-1,-1;OBJECTID "OBJECTID" true true false 9 Long 0 9 ,First,#,Acuiferos_RecargaPreliminar_jul2014,OBJECTID,-1,-1,Costeras_IV_RecargaPreliminar,OBJECTID,-1,-1,Cuencas_Altas_Maipo,OBJECTID,-1,-1;SECTOR_ "SECTOR_" true true false 30 Text 0 0 ,First,#,Acuiferos_RecargaPreliminar_jul2014,SECTOR_,-1,-1;zona "zona" true true false 50 Text 0 0 ,First,#,Acuiferos_RecargaPreliminar_jul2014,zona,-1,-1;Region "Region" true true false 50 Text 0 0 ,First,#,Acuiferos_RecargaPreliminar_jul2014,Region,-1,-1,Costeras_IV_RecargaPreliminar,REGION,-1,-1;Shape_Leng "Shape_Leng" true true false 19 Double 0 0 ,First,#,Acuiferos_RecargaPreliminar_jul2014,Shape_Leng,-1,-1,Costeras_IV_RecargaPreliminar,Shape_Leng,-1,-1,Cuencas_Altas_Maipo,Shape_Leng,-1,-1;Shape_Le_1 "Shape_Le_1" true true false 19 Double 0 0 ,First,#,Acuiferos_RecargaPreliminar_jul2014,Shape_Le_1,-1,-1,Costeras_IV_RecargaPreliminar,Shape_Le_1,-1,-1;Shape_Area "Shape_Area" true true false 19 Double 0 0 ,First,#,Acuiferos_RecargaPreliminar_jul2014,Shape_Area,-1,-1,Costeras_IV_RecargaPreliminar,Shape_Area,-1,-1,Cuencas_Altas_Maipo,Shape_Area,-1,-1;SECTOR "SECTOR" true true false 254 Text 0 0 ,First,#,Costeras_IV_RecargaPreliminar,SECTOR,-1,-1,Cuencas_Altas_Maipo,SECTOR,-1,-1;ACUIFERO "ACUIFERO" true true false 254 Text 0 0 ,First,#,Costeras_IV_RecargaPreliminar,ACUIFERO,-1,-1;TIPO_Limit "TIPO_Limit" true true false 254 Text 0 0 ,First,#,Costeras_IV_RecargaPreliminar,TIPO_Limit,-1,-1;RESOL "RESOL" true true false 254 Text 0 0 ,First,#,Costeras_IV_RecargaPreliminar,RESOL,-1,-1;Fecha_Reso "Fecha_Reso" true true false 254 Text 0 0 ,First,#,Costeras_IV_RecargaPreliminar,Fecha_Reso,-1,-1;TOMA_RAZON "TOMA_RAZON" true true false 254 Text 0 0 ,First,#,Costeras_IV_RecargaPreliminar,TOMA_RAZON,-1,-1;Fecha_publ "Fecha_publ" true true false 8 Date 0 0 ,First,#,Costeras_IV_RecargaPreliminar,Fecha_publ,-1,-1;Res_Modifi "Res_Modifi" true true false 254 Text 0 0 ,First,#,Costeras_IV_RecargaPreliminar,Res_Modifi,-1,-1;Pub_modi "Pub_modi" true true false 254 Text 0 0 ,First,#,Costeras_IV_RecargaPreliminar,Pub_modi,-1,-1;Cuenca "Cuenca" true true false 50 Text 0 0 ,First,#,Costeras_IV_RecargaPreliminar,Cuenca,-1,-1;APR "APR" true true false 50 Text 0 0 ,First,#,Costeras_IV_RecargaPreliminar,APR,-1,-1;Provisiona "Provisiona" true true false 5 Text 0 0 ,First,#,Costeras_IV_RecargaPreliminar,Provisiona,-1,-1;Sobreotorg "Sobreotorg" true true false 5 Text 0 0 ,First,#,Costeras_IV_RecargaPreliminar,Sobreotorg,-1,-1;a_km2 "a_km2" true true false 19 Double 0 0 ,First,#,Costeras_IV_RecargaPreliminar,a_km2,-1,-1;Shape_Le_4 "Shape_Le_4" true true false 19 Double 0 0 ,First,#,Costeras_IV_RecargaPreliminar,Shape_Le_4,-1,-1;Modelo "Modelo" true true false 50 Text 0 0 ,First,#,Cuencas_Altas_Maipo,Modelo,-1,-1"</Process><Process ToolSource="C:\Program Files (x86)\ArcGIS\Desktop10.0\ArcToolbox\Toolboxes\Data Management Tools.tbx\CalculateField" Date="20160623" Time="110101">CalculateField Acuiferos_RecargaPreliminar_1 SECTOR [SECTOR_] VB #</Process><Process ToolSource="C:\Program Files (x86)\ArcGIS\Desktop10.0\ArcToolbox\Toolboxes\Data Management Tools.tbx\CalculateField" Date="20160623" Time="110145">CalculateField Acuiferos_RecargaPreliminar_1 zona "cordillera" VB #</Process><Process ToolSource="C:\Program Files (x86)\ArcGIS\Desktop10.0\ArcToolbox\Toolboxes\Data Management Tools.tbx\CalculateField" Date="20160623" Time="110203">CalculateField Acuiferos_RecargaPreliminar_1 zona "costa" VB #</Process><Process ToolSource="C:\Program Files (x86)\ArcGIS\Desktop10.0\ArcToolbox\Toolboxes\Data Management Tools.tbx\CalculateField" Date="20160623" Time="110222">CalculateField Acuiferos_RecargaPreliminar_1 Region "Coquimbo" VB #</Process><Process ToolSource="C:\Program Files (x86)\ArcGIS\Desktop10.0\ArcToolbox\Toolboxes\Data Management Tools.tbx\CalculateField" Date="20160623" Time="110240">CalculateField Acuiferos_RecargaPreliminar_1 Region "Metropolitana" VB #</Process><Process ToolSource="c:\program files (x86)\arcgis\desktop10.3\ArcToolbox\Toolboxes\Data Management Tools.tbx\CopyFeatures" Date="20170512" Time="152220">CopyFeatures Acuiferos_Recarga_Preliminar_Mayo_2016 D:\ENTREGAS\2017\Acuiferos_DGA\Acuiferos_Recarga_Preliminar_Mayo_2016.shp # 0 0 0</Process></lineage><itemProps><itemName Sync="TRUE">Acuiferos_Recarga_Preliminar_Mayo_2016</itemName><imsContentType Sync="TRUE">002</imsContentType><itemLocation><linkage Sync="TRUE">file://\\DGA-NCGTAPIA\D$\ENTREGAS\2017\Acuiferos_DGA\Acuiferos_Recarga_Preliminar_Mayo_2016.shp</linkage><protocol Sync="TRUE">Local Area Network</protocol></itemLocation><itemSize Sync="TRUE">0.000</itemSize></itemProps><coordRef><type Sync="TRUE">Projected</type><geogcsn Sync="TRUE">GCS_WGS_1984</geogcsn><csUnits Sync="TRUE">Linear Unit: Meter (1.000000)</csUnits><projcsn Sync="TRUE">WGS_1984_UTM_Zone_19S</projcsn><peXml Sync="TRUE">&lt;ProjectedCoordinateSystem xsi:type='typens:ProjectedCoordinateSystem' xmlns:xsi='http://www.w3.org/2001/XMLSchema-instance' xmlns:xs='http://www.w3.org/2001/XMLSchema' xmlns:typens='http://www.esri.com/schemas/ArcGIS/10.3'&gt;&lt;WKT&gt;PROJCS[&amp;quot;WGS_1984_UTM_Zone_19S&amp;quot;,GEOGCS[&amp;quot;GCS_WGS_1984&amp;quot;,DATUM[&amp;quot;D_WGS_1984&amp;quot;,SPHEROID[&amp;quot;WGS_1984&amp;quot;,6378137.0,298.257223563]],PRIMEM[&amp;quot;Greenwich&amp;quot;,0.0],UNIT[&amp;quot;Degree&amp;quot;,0.0174532925199433]],PROJECTION[&amp;quot;Transverse_Mercator&amp;quot;],PARAMETER[&amp;quot;False_Easting&amp;quot;,500000.0],PARAMETER[&amp;quot;False_Northing&amp;quot;,10000000.0],PARAMETER[&amp;quot;Central_Meridian&amp;quot;,-69.0],PARAMETER[&amp;quot;Scale_Factor&amp;quot;,0.9996],PARAMETER[&amp;quot;Latitude_Of_Origin&amp;quot;,0.0],UNIT[&amp;quot;Meter&amp;quot;,1.0],AUTHORITY[&amp;quot;EPSG&amp;quot;,32719]]&lt;/WKT&gt;&lt;XOrigin&gt;-5120900&lt;/XOrigin&gt;&lt;YOrigin&gt;1900&lt;/YOrigin&gt;&lt;XYScale&gt;450445547.3910538&lt;/XYScale&gt;&lt;ZOrigin&gt;-100000&lt;/ZOrigin&gt;&lt;ZScale&gt;10000&lt;/ZScale&gt;&lt;MOrigin&gt;-100000&lt;/MOrigin&gt;&lt;MScale&gt;10000&lt;/MScale&gt;&lt;XYTolerance&gt;0.001&lt;/XYTolerance&gt;&lt;ZTolerance&gt;0.001&lt;/ZTolerance&gt;&lt;MTolerance&gt;0.001&lt;/MTolerance&gt;&lt;HighPrecision&gt;true&lt;/HighPrecision&gt;&lt;WKID&gt;32719&lt;/WKID&gt;&lt;LatestWKID&gt;32719&lt;/LatestWKID&gt;&lt;/ProjectedCoordinateSystem&gt;</peXml></coordRef></DataProperties><SyncDate>20170512</SyncDate><SyncTime>15222000</SyncTime><ModDate>20170512</ModDate><ModTime>15222000</ModTime><ArcGISProfile>ItemDescription</ArcGISProfile></Esri><dataIdInfo><envirDesc Sync="TRUE">Microsoft Windows 7 Version 6.1 (Build 7601) Service Pack 1; Esri ArcGIS 10.3.0.4284</envirDesc><dataLang><languageCode value="spa" Sync="TRUE"/><countryCode value="CHL" Sync="TRUE"/></dataLang><idCitation><resTitle Sync="TRUE">Acuiferos_Recarga_Preliminar_Mayo_2016</resTitle><presForm><PresFormCd value="005" Sync="TRUE"/></presForm></idCitation><spatRpType><SpatRepTypCd value="001" Sync="TRUE"/></spatRpType><idPurp>Corresponde a sectores con recarga preliminar. Una vez agotado el volumen sustentable determinado en SDT 359 julio 2014, Nury Salazar, se debe realizar un estudio mas detallado para poder pasarlo a shapefile de ACUIFEROS ESTUDIADOS </idPurp><idAbs>&lt;DIV STYLE="text-align:Left;"&gt;&lt;DIV&gt;&lt;P&gt;&lt;SPAN&gt;Corresponde a sectores con recarga preliminar. Una vez agotado el volumen sustentable determinado en SDT 359 julio 2014, Nury Salazar, se debe realizar un estudio mas detallado para poder pasarlo a shapefile de ACUIFEROS ESTUDIADOS &lt;/SPAN&gt;&lt;/P&gt;&lt;/DIV&gt;&lt;/DIV&gt;</idAbs><idCredit>Nury Salazar Martinez</idCredit><searchKeys><keyword>Corresponde a sectores con recarga preliminar. Una vez agotado el volumen sustentable determinado en SDT 359 julio 2014</keyword><keyword>Nury Salazar</keyword><keyword>se debe realizar un estudio mas detallado para poder pasarlo a shapefile de ACUIFEROS ESTUDIADOS</keyword></searchKeys></dataIdInfo><mdLang><languageCode value="spa" Sync="TRUE"/><countryCode value="CHL" Sync="TRUE"/></mdLang><distInfo><distFormat><formatName Sync="TRUE">Shapefile</formatName></distFormat><distTranOps><transSize Sync="TRUE">0.000</transSize></distTranOps></distInfo><mdHrLv><ScopeCd value="005" Sync="TRUE"/></mdHrLv><mdHrLvName Sync="TRUE">dataset</mdHrLvName><refSysInfo><RefSystem><refSysID><identCode code="32719" Sync="TRUE" value="32719"/><idCodeSpace Sync="TRUE">EPSG</idCodeSpace><idVersion Sync="TRUE">8.2.6</idVersion></refSysID></RefSystem></refSysInfo><spatRepInfo><VectSpatRep><geometObjs Name="Acuiferos_Recarga_Preliminar_Mayo_2016"><geoObjTyp><GeoObjTypCd value="002" Sync="TRUE"></GeoObjTypCd></geoObjTyp><geoObjCnt Sync="TRUE">0</geoObjCnt></geometObjs><topLvl><TopoLevCd value="001" Sync="TRUE"></TopoLevCd></topLvl></VectSpatRep></spatRepInfo><spdoinfo><ptvctinf><esriterm Name="Acuiferos_Recarga_Preliminar_Mayo_2016"><efeatyp Sync="TRUE">Simple</efeatyp><efeageom code="4" Sync="TRUE"></efeageom><esritopo Sync="TRUE">FALSE</esritopo><efeacnt Sync="TRUE">0</efeacnt><spindex Sync="TRUE">FALSE</spindex><linrefer Sync="TRUE">FALSE</linrefer></esriterm></ptvctinf></spdoinfo><eainfo><detailed Name="Acuiferos_Recarga_Preliminar_Mayo_2016"><enttyp><enttypl Sync="TRUE">Acuiferos_Recarga_Preliminar_Mayo_2016</enttypl><enttypt Sync="TRUE">Feature Class</enttypt><enttypc Sync="TRUE">0</enttypc></enttyp><attr><attrlabl Sync="TRUE">FID</attrlabl><attalias Sync="TRUE">FID</attalias><attrtype Sync="TRUE">OID</attrtype><attwidth Sync="TRUE">4</attwidth><atprecis Sync="TRUE">0</atprecis><attscale Sync="TRUE">0</attscale><attrdef Sync="TRUE">Internal feature number.</attrdef><attrdefs Sync="TRUE">Esri</attrdefs><attrdomv><udom Sync="TRUE">Sequential unique whole numbers that are automatically generated.</udom></attrdomv></attr><attr><attrlabl Sync="TRUE">OBJECTID</attrlabl><attalias Sync="TRUE">OBJECTID</attalias><attrtype Sync="TRUE">Integer</attrtype><attwidth Sync="TRUE">10</attwidth><atprecis Sync="TRUE">10</atprecis><attscale Sync="TRUE">0</attscale><attrdef Sync="TRUE">Internal feature number.</attrdef><attrdefs Sync="TRUE">ESRI</attrdefs><attrdomv><udom Sync="TRUE">Sequential unique whole numbers that are automatically generated.</udom></attrdomv></attr><attr><attrlabl Sync="TRUE">OBJECTID_2</attrlabl><attalias Sync="TRUE">OBJECTID_2</attalias><attrtype Sync="TRUE">Integer</attrtype><attwidth Sync="TRUE">10</attwidth><atprecis Sync="TRUE">10</atprecis><attscale Sync="TRUE">0</attscale></attr><attr><attrlabl Sync="TRUE">Shape</attrlabl><attalias Sync="TRUE">Shape</attalias><attrtype Sync="TRUE">Geometry</attrtype><attwidth Sync="TRUE">0</attwidth><atprecis Sync="TRUE">0</atprecis><attscale Sync="TRUE">0</attscale><attrdef Sync="TRUE">Feature geometry.</attrdef><attrdefs Sync="TRUE">ESRI</attrdefs><attrdomv><udom Sync="TRUE">Coordinates defining the features.</udom></attrdomv></attr><attr><attrlabl Sync="TRUE">zona</attrlabl><attalias Sync="TRUE">zona</attalias><attrtype Sync="TRUE">String</attrtype><attwidth Sync="TRUE">50</attwidth><atprecis Sync="TRUE">0</atprecis><attscale Sync="TRUE">0</attscale></attr><attr><attrlabl Sync="TRUE">Region</attrlabl><attalias Sync="TRUE">Region</attalias><attrtype Sync="TRUE">String</attrtype><attwidth Sync="TRUE">50</attwidth><atprecis Sync="TRUE">0</atprecis><attscale Sync="TRUE">0</attscale></attr><attr><attrlabl Sync="TRUE">Shape_Leng</attrlabl><attalias Sync="TRUE">Shape_Leng</attalias><attrtype Sync="TRUE">Double</attrtype><attwidth Sync="TRUE">19</attwidth><atprecis Sync="TRUE">0</atprecis><attscale Sync="TRUE">0</attscale></attr><attr><attrlabl Sync="TRUE">Shape_Le_1</attrlabl><attalias Sync="TRUE">Shape_Le_1</attalias><attrtype Sync="TRUE">Double</attrtype><attwidth Sync="TRUE">19</attwidth><atprecis Sync="TRUE">0</atprecis><attscale Sync="TRUE">0</attscale></attr><attr><attrlabl Sync="TRUE">SECTOR</attrlabl><attalias Sync="TRUE">SECTOR</attalias><attrtype Sync="TRUE">String</attrtype><attwidth Sync="TRUE">254</attwidth><atprecis Sync="TRUE">0</atprecis><attscale Sync="TRUE">0</attscale></attr><attr><attrlabl Sync="TRUE">ACUIFERO</attrlabl><attalias Sync="TRUE">ACUIFERO</attalias><attrtype Sync="TRUE">String</attrtype><attwidth Sync="TRUE">254</attwidth><atprecis Sync="TRUE">0</atprecis><attscale Sync="TRUE">0</attscale></attr><attr><attrlabl Sync="TRUE">TIPO_Limit</attrlabl><attalias Sync="TRUE">TIPO_Limit</attalias><attrtype Sync="TRUE">String</attrtype><attwidth Sync="TRUE">254</attwidth><atprecis Sync="TRUE">0</atprecis><attscale Sync="TRUE">0</attscale></attr><attr><attrlabl Sync="TRUE">RESOL</attrlabl><attalias Sync="TRUE">RESOL</attalias><attrtype Sync="TRUE">String</attrtype><attwidth Sync="TRUE">254</attwidth><atprecis Sync="TRUE">0</atprecis><attscale Sync="TRUE">0</attscale></attr><attr><attrlabl Sync="TRUE">Fecha_Reso</attrlabl><attalias Sync="TRUE">Fecha_Reso</attalias><attrtype Sync="TRUE">String</attrtype><attwidth Sync="TRUE">254</attwidth><atprecis Sync="TRUE">0</atprecis><attscale Sync="TRUE">0</attscale></attr><attr><attrlabl Sync="TRUE">TOMA_RAZON</attrlabl><attalias Sync="TRUE">TOMA_RAZON</attalias><attrtype Sync="TRUE">String</attrtype><attwidth Sync="TRUE">254</attwidth><atprecis Sync="TRUE">0</atprecis><attscale Sync="TRUE">0</attscale></attr><attr><attrlabl Sync="TRUE">Fecha_publ</attrlabl><attalias Sync="TRUE">Fecha_publ</attalias><attrtype Sync="TRUE">Date</attrtype><attwidth Sync="TRUE">8</attwidth><atprecis Sync="TRUE">0</atprecis><attscale Sync="TRUE">0</attscale></attr><attr><attrlabl Sync="TRUE">Res_Modifi</attrlabl><attalias Sync="TRUE">Res_Modifi</attalias><attrtype Sync="TRUE">String</attrtype><attwidth Sync="TRUE">254</attwidth><atprecis Sync="TRUE">0</atprecis><attscale Sync="TRUE">0</attscale></attr><attr><attrlabl Sync="TRUE">Pub_modi</attrlabl><attalias Sync="TRUE">Pub_modi</attalias><attrtype Sync="TRUE">String</attrtype><attwidth Sync="TRUE">254</attwidth><atprecis Sync="TRUE">0</atprecis><attscale Sync="TRUE">0</attscale></attr><attr><attrlabl Sync="TRUE">Cuenca</attrlabl><attalias Sync="TRUE">Cuenca</attalias><attrtype Sync="TRUE">String</attrtype><attwidth Sync="TRUE">50</attwidth><atprecis Sync="TRUE">0</atprecis><attscale Sync="TRUE">0</attscale></attr><attr><attrlabl Sync="TRUE">APR</attrlabl><attalias Sync="TRUE">APR</attalias><attrtype Sync="TRUE">String</attrtype><attwidth Sync="TRUE">50</attwidth><atprecis Sync="TRUE">0</atprecis><attscale Sync="TRUE">0</attscale></attr><attr><attrlabl Sync="TRUE">Provisiona</attrlabl><attalias Sync="TRUE">Provisiona</attalias><attrtype Sync="TRUE">String</attrtype><attwidth Sync="TRUE">5</attwidth><atprecis Sync="TRUE">0</atprecis><attscale Sync="TRUE">0</attscale></attr><attr><attrlabl Sync="TRUE">Sobreotorg</attrlabl><attalias Sync="TRUE">Sobreotorg</attalias><attrtype Sync="TRUE">String</attrtype><attwidth Sync="TRUE">5</attwidth><atprecis Sync="TRUE">0</atprecis><attscale Sync="TRUE">0</attscale></attr><attr><attrlabl Sync="TRUE">a_km2</attrlabl><attalias Sync="TRUE">a_km2</attalias><attrtype Sync="TRUE">Double</attrtype><attwidth Sync="TRUE">19</attwidth><atprecis Sync="TRUE">0</atprecis><attscale Sync="TRUE">0</attscale></attr><attr><attrlabl Sync="TRUE">Shape_Le_4</attrlabl><attalias Sync="TRUE">Shape_Le_4</attalias><attrtype Sync="TRUE">Double</attrtype><attwidth Sync="TRUE">19</attwidth><atprecis Sync="TRUE">0</atprecis><attscale Sync="TRUE">0</attscale></attr><attr><attrlabl Sync="TRUE">Modelo</attrlabl><attalias Sync="TRUE">Modelo</attalias><attrtype Sync="TRUE">String</attrtype><attwidth Sync="TRUE">50</attwidth><atprecis Sync="TRUE">0</atprecis><attscale Sync="TRUE">0</attscale></attr><attr><attrlabl Sync="TRUE">Shape_Area</attrlabl><attalias Sync="TRUE">Shape_Area</attalias><attrtype Sync="TRUE">Double</attrtype><attwidth Sync="TRUE">19</attwidth><atprecis Sync="TRUE">0</atprecis><attscale Sync="TRUE">0</attscale><attrdef Sync="TRUE">Area of feature in internal units squared.</attrdef><attrdefs Sync="TRUE">ESRI</attrdefs><attrdomv><udom Sync="TRUE">Positive real numbers that are automatically generated.</udom></attrdomv></attr></detailed></eainfo><mdDateSt Sync="TRUE">20170512</mdDateSt></metadata>
