<?xml version="1.0" encoding="UTF-8"?>
<metadata xml:lang="es"><Esri><CreaDate>20180913</CreaDate><CreaTime>10230400</CreaTime><ArcGISFormat>1.0</ArcGISFormat><SyncOnce>TRUE</SyncOnce><DataProperties><lineage><Process ToolSource="c:\program files (x86)\arcgis\desktop10.3\ArcToolbox\Toolboxes\Data Management Tools.tbx\CalculateField" Date="20180913" Time="102304">CalculateField Niveles_de_Pozos Acuifero " " VB #</Process><Process ToolSource="c:\program files (x86)\arcgis\desktop10.3\ArcToolbox\Toolboxes\Data Management Tools.tbx\CalculateField" Date="20180913" Time="102314">CalculateField Niveles_de_Pozos Sector " " VB #</Process><Process ToolSource="c:\program files (x86)\arcgis\desktop10.3\ArcToolbox\Toolboxes\Data Management Tools.tbx\CalculateField" Date="20180913" Time="102320">CalculateField Niveles_de_Pozos Tipo_Limit " " VB #</Process></lineage></DataProperties></Esri></metadata>
